,item_day,item_sunrise,item_sunset
0,/panchang/month-panchang.html?date=30/01/2022,08:27,16:59
1,/panchang/month-panchang.html?date=31/01/2022,08:26,17:01
2,/panchang/month-panchang.html?date=28/12/2021,09:00,16:03
3,/panchang/month-panchang.html?date=29/12/2021,09:00,16:04
4,/panchang/month-panchang.html?date=30/12/2021,09:00,16:05
5,/panchang/month-panchang.html?date=31/12/2021,08:59,16:06
6,/panchang/month-panchang.html?date=01/01/2022,08:59,16:07
7,/panchang/month-panchang.html?date=02/01/2022,08:59,16:08
8,/panchang/month-panchang.html?date=03/01/2022,08:59,16:10
9,/panchang/month-panchang.html?date=04/01/2022,08:58,16:11
10,/panchang/month-panchang.html?date=05/01/2022,08:58,16:12
11,/panchang/month-panchang.html?date=06/01/2022,08:57,16:14
12,/panchang/month-panchang.html?date=07/01/2022,08:57,16:15
13,/panchang/month-panchang.html?date=08/01/2022,08:56,16:17
14,/panchang/month-panchang.html?date=09/01/2022,08:55,16:18
15,/panchang/month-panchang.html?date=10/01/2022,08:54,16:20
16,/panchang/month-panchang.html?date=11/01/2022,08:54,16:22
17,/panchang/month-panchang.html?date=12/01/2022,08:53,16:23
18,/panchang/month-panchang.html?date=13/01/2022,08:52,16:25
19,/panchang/month-panchang.html?date=14/01/2022,08:51,16:27
20,/panchang/month-panchang.html?date=15/01/2022,08:50,16:29
21,/panchang/month-panchang.html?date=16/01/2022,08:48,16:31
22,/panchang/month-panchang.html?date=17/01/2022,08:47,16:33
23,/panchang/month-panchang.html?date=18/01/2022,08:46,16:34
24,/panchang/month-panchang.html?date=19/01/2022,08:45,16:36
25,/panchang/month-panchang.html?date=20/01/2022,08:43,16:38
26,/panchang/month-panchang.html?date=21/01/2022,08:42,16:40
27,/panchang/month-panchang.html?date=22/01/2022,08:40,16:42
28,/panchang/month-panchang.html?date=23/01/2022,08:39,16:44
29,/panchang/month-panchang.html?date=24/01/2022,08:37,16:46
30,/panchang/month-panchang.html?date=25/01/2022,08:36,16:48
31,/panchang/month-panchang.html?date=26/01/2022,08:34,16:51
32,/panchang/month-panchang.html?date=27/01/2022,08:33,16:53
33,/panchang/month-panchang.html?date=28/01/2022,08:31,16:55
34,/panchang/month-panchang.html?date=29/01/2022,08:29,16:57
35,/panchang/month-panchang.html?date=30/01/2022,08:27,16:59
36,/panchang/month-panchang.html?date=31/01/2022,08:26,17:01
37,/panchang/month-panchang.html?date=01/02/2022,08:24,17:03
38,/panchang/month-panchang.html?date=02/02/2022,08:22,17:05
39,/panchang/month-panchang.html?date=03/02/2022,08:20,17:08
40,/panchang/month-panchang.html?date=04/02/2022,08:18,17:10
41,/panchang/month-panchang.html?date=05/02/2022,08:16,17:12
42,/panchang/month-panchang.html?date=06/02/2022,08:14,17:14
43,/panchang/month-panchang.html?date=07/02/2022,08:12,17:16
44,/panchang/month-panchang.html?date=08/02/2022,08:10,17:18
45,/panchang/month-panchang.html?date=09/02/2022,08:08,17:21
46,/panchang/month-panchang.html?date=10/02/2022,08:06,17:23
47,/panchang/month-panchang.html?date=11/02/2022,08:03,17:25
48,/panchang/month-panchang.html?date=12/02/2022,08:01,17:27
49,/panchang/month-panchang.html?date=13/02/2022,07:59,17:29
50,/panchang/month-panchang.html?date=14/02/2022,07:57,17:32
51,/panchang/month-panchang.html?date=15/02/2022,07:55,17:34
52,/panchang/month-panchang.html?date=16/02/2022,07:52,17:36
53,/panchang/month-panchang.html?date=17/02/2022,07:50,17:38
54,/panchang/month-panchang.html?date=18/02/2022,07:48,17:40
55,/panchang/month-panchang.html?date=19/02/2022,07:45,17:42
56,/panchang/month-panchang.html?date=20/02/2022,07:43,17:44
57,/panchang/month-panchang.html?date=21/02/2022,07:41,17:47
58,/panchang/month-panchang.html?date=22/02/2022,07:38,17:49
59,/panchang/month-panchang.html?date=23/02/2022,07:36,17:51
60,/panchang/month-panchang.html?date=24/02/2022,07:33,17:53
61,/panchang/month-panchang.html?date=25/02/2022,07:31,17:55
62,/panchang/month-panchang.html?date=26/02/2022,07:29,17:57
63,/panchang/month-panchang.html?date=27/02/2022,07:26,17:59
64,/panchang/month-panchang.html?date=28/02/2022,07:24,18:02
65,/panchang/month-panchang.html?date=01/03/2022,07:21,18:04
66,/panchang/month-panchang.html?date=02/03/2022,07:19,18:06
67,/panchang/month-panchang.html?date=03/03/2022,07:16,18:08
68,/panchang/month-panchang.html?date=04/03/2022,07:14,18:10
69,/panchang/month-panchang.html?date=05/03/2022,07:11,18:12
70,/panchang/month-panchang.html?date=27/02/2022,07:26,17:59
71,/panchang/month-panchang.html?date=28/02/2022,07:24,18:02
72,/panchang/month-panchang.html?date=01/03/2022,07:21,18:04
73,/panchang/month-panchang.html?date=02/03/2022,07:19,18:06
74,/panchang/month-panchang.html?date=03/03/2022,07:16,18:08
75,/panchang/month-panchang.html?date=04/03/2022,07:14,18:10
76,/panchang/month-panchang.html?date=05/03/2022,07:11,18:12
77,/panchang/month-panchang.html?date=06/03/2022,07:08,18:14
78,/panchang/month-panchang.html?date=07/03/2022,07:06,18:16
79,/panchang/month-panchang.html?date=08/03/2022,07:03,18:18
80,/panchang/month-panchang.html?date=09/03/2022,07:01,18:20
81,/panchang/month-panchang.html?date=10/03/2022,06:58,18:22
82,/panchang/month-panchang.html?date=11/03/2022,06:56,18:24
83,/panchang/month-panchang.html?date=12/03/2022,06:53,18:27
84,/panchang/month-panchang.html?date=13/03/2022,06:51,18:29
85,/panchang/month-panchang.html?date=14/03/2022,06:48,18:31
86,/panchang/month-panchang.html?date=15/03/2022,06:45,18:33
87,/panchang/month-panchang.html?date=16/03/2022,06:43,18:35
88,/panchang/month-panchang.html?date=17/03/2022,06:40,18:37
89,/panchang/month-panchang.html?date=18/03/2022,06:38,18:39
90,/panchang/month-panchang.html?date=19/03/2022,06:35,18:41
91,/panchang/month-panchang.html?date=20/03/2022,06:32,18:43
92,/panchang/month-panchang.html?date=21/03/2022,06:30,18:45
93,/panchang/month-panchang.html?date=22/03/2022,06:27,18:47
94,/panchang/month-panchang.html?date=23/03/2022,06:24,18:49
95,/panchang/month-panchang.html?date=24/03/2022,06:22,18:51
96,/panchang/month-panchang.html?date=25/03/2022,06:19,18:53
97,/panchang/month-panchang.html?date=26/03/2022,06:17,18:55
98,/panchang/month-panchang.html?date=27/03/2022,06:14,18:57
99,/panchang/month-panchang.html?date=28/03/2022,06:11,18:59
100,/panchang/month-panchang.html?date=29/03/2022,06:09,19:01
101,/panchang/month-panchang.html?date=30/03/2022,06:06,19:03
102,/panchang/month-panchang.html?date=31/03/2022,06:04,19:05
103,/panchang/month-panchang.html?date=01/04/2022,06:01,19:07
104,/panchang/month-panchang.html?date=02/04/2022,05:58,19:09
105,/panchang/month-panchang.html?date=27/03/2022,06:14,18:57
106,/panchang/month-panchang.html?date=28/03/2022,06:11,18:59
107,/panchang/month-panchang.html?date=29/03/2022,06:09,19:01
108,/panchang/month-panchang.html?date=30/03/2022,06:06,19:03
109,/panchang/month-panchang.html?date=31/03/2022,06:04,19:05
110,/panchang/month-panchang.html?date=01/04/2022,06:01,19:07
111,/panchang/month-panchang.html?date=02/04/2022,05:58,19:09
112,/panchang/month-panchang.html?date=03/04/2022,05:56,19:11
113,/panchang/month-panchang.html?date=04/04/2022,05:53,19:13
114,/panchang/month-panchang.html?date=05/04/2022,05:51,19:15
115,/panchang/month-panchang.html?date=06/04/2022,05:48,19:17
116,/panchang/month-panchang.html?date=07/04/2022,05:45,19:19
117,/panchang/month-panchang.html?date=08/04/2022,05:43,19:21
118,/panchang/month-panchang.html?date=09/04/2022,05:40,19:23
119,/panchang/month-panchang.html?date=10/04/2022,05:38,19:25
120,/panchang/month-panchang.html?date=11/04/2022,05:35,19:27
121,/panchang/month-panchang.html?date=12/04/2022,05:33,19:29
122,/panchang/month-panchang.html?date=13/04/2022,05:30,19:31
123,/panchang/month-panchang.html?date=14/04/2022,05:28,19:33
124,/panchang/month-panchang.html?date=15/04/2022,05:25,19:35
125,/panchang/month-panchang.html?date=16/04/2022,05:23,19:37
126,/panchang/month-panchang.html?date=17/04/2022,05:20,19:39
127,/panchang/month-panchang.html?date=18/04/2022,05:18,19:41
128,/panchang/month-panchang.html?date=19/04/2022,05:15,19:43
129,/panchang/month-panchang.html?date=20/04/2022,05:13,19:45
130,/panchang/month-panchang.html?date=21/04/2022,05:10,19:47
131,/panchang/month-panchang.html?date=22/04/2022,05:08,19:49
132,/panchang/month-panchang.html?date=23/04/2022,05:06,19:52
133,/panchang/month-panchang.html?date=24/04/2022,05:03,19:54
134,/panchang/month-panchang.html?date=25/04/2022,05:01,19:56
135,/panchang/month-panchang.html?date=26/04/2022,04:58,19:58
136,/panchang/month-panchang.html?date=27/04/2022,04:56,20:00
137,/panchang/month-panchang.html?date=28/04/2022,04:54,20:02
138,/panchang/month-panchang.html?date=29/04/2022,04:52,20:04
139,/panchang/month-panchang.html?date=30/04/2022,04:49,20:06
140,/panchang/month-panchang.html?date=01/05/2022,04:47,20:08
141,/panchang/month-panchang.html?date=02/05/2022,04:45,20:10
142,/panchang/month-panchang.html?date=03/05/2022,04:43,20:12
143,/panchang/month-panchang.html?date=04/05/2022,04:40,20:14
144,/panchang/month-panchang.html?date=05/05/2022,04:38,20:16
145,/panchang/month-panchang.html?date=06/05/2022,04:36,20:17
146,/panchang/month-panchang.html?date=07/05/2022,04:34,20:19
147,/panchang/month-panchang.html?date=08/05/2022,04:32,20:21
148,/panchang/month-panchang.html?date=09/05/2022,04:30,20:23
149,/panchang/month-panchang.html?date=10/05/2022,04:28,20:25
150,/panchang/month-panchang.html?date=11/05/2022,04:26,20:27
151,/panchang/month-panchang.html?date=12/05/2022,04:24,20:29
152,/panchang/month-panchang.html?date=13/05/2022,04:22,20:31
153,/panchang/month-panchang.html?date=14/05/2022,04:20,20:33
154,/panchang/month-panchang.html?date=15/05/2022,04:18,20:35
155,/panchang/month-panchang.html?date=16/05/2022,04:17,20:36
156,/panchang/month-panchang.html?date=17/05/2022,04:15,20:38
157,/panchang/month-panchang.html?date=18/05/2022,04:13,20:40
158,/panchang/month-panchang.html?date=19/05/2022,04:11,20:42
159,/panchang/month-panchang.html?date=20/05/2022,04:10,20:44
160,/panchang/month-panchang.html?date=21/05/2022,04:08,20:45
161,/panchang/month-panchang.html?date=22/05/2022,04:07,20:47
162,/panchang/month-panchang.html?date=23/05/2022,04:05,20:49
163,/panchang/month-panchang.html?date=24/05/2022,04:04,20:50
164,/panchang/month-panchang.html?date=25/05/2022,04:02,20:52
165,/panchang/month-panchang.html?date=26/05/2022,04:01,20:53
166,/panchang/month-panchang.html?date=27/05/2022,03:59,20:55
167,/panchang/month-panchang.html?date=28/05/2022,03:58,20:57
168,/panchang/month-panchang.html?date=29/05/2022,03:57,20:58
169,/panchang/month-panchang.html?date=30/05/2022,03:56,20:59
170,/panchang/month-panchang.html?date=31/05/2022,03:55,21:01
171,/panchang/month-panchang.html?date=01/06/2022,03:53,21:02
172,/panchang/month-panchang.html?date=02/06/2022,03:52,21:03
173,/panchang/month-panchang.html?date=03/06/2022,03:51,21:05
174,/panchang/month-panchang.html?date=04/06/2022,03:51,21:06
175,/panchang/month-panchang.html?date=29/05/2022,03:57,20:58
176,/panchang/month-panchang.html?date=30/05/2022,03:56,20:59
177,/panchang/month-panchang.html?date=31/05/2022,03:55,21:01
178,/panchang/month-panchang.html?date=01/06/2022,03:53,21:02
179,/panchang/month-panchang.html?date=02/06/2022,03:52,21:03
180,/panchang/month-panchang.html?date=03/06/2022,03:51,21:05
181,/panchang/month-panchang.html?date=04/06/2022,03:51,21:06
182,/panchang/month-panchang.html?date=05/06/2022,03:50,21:07
183,/panchang/month-panchang.html?date=06/06/2022,03:49,21:08
184,/panchang/month-panchang.html?date=07/06/2022,03:48,21:09
185,/panchang/month-panchang.html?date=08/06/2022,03:48,21:10
186,/panchang/month-panchang.html?date=09/06/2022,03:47,21:11
187,/panchang/month-panchang.html?date=10/06/2022,03:46,21:12
188,/panchang/month-panchang.html?date=11/06/2022,03:46,21:13
189,/panchang/month-panchang.html?date=12/06/2022,03:45,21:14
190,/panchang/month-panchang.html?date=13/06/2022,03:45,21:15
191,/panchang/month-panchang.html?date=14/06/2022,03:45,21:15
192,/panchang/month-panchang.html?date=15/06/2022,03:45,21:16
193,/panchang/month-panchang.html?date=16/06/2022,03:44,21:16
194,/panchang/month-panchang.html?date=17/06/2022,03:44,21:17
195,/panchang/month-panchang.html?date=18/06/2022,03:44,21:17
196,/panchang/month-panchang.html?date=19/06/2022,03:44,21:18
197,/panchang/month-panchang.html?date=20/06/2022,03:44,21:18
198,/panchang/month-panchang.html?date=21/06/2022,03:45,21:18
199,/panchang/month-panchang.html?date=22/06/2022,03:45,21:18
200,/panchang/month-panchang.html?date=23/06/2022,03:45,21:18
201,/panchang/month-panchang.html?date=24/06/2022,03:45,21:18
202,/panchang/month-panchang.html?date=25/06/2022,03:46,21:18
203,/panchang/month-panchang.html?date=26/06/2022,03:46,21:18
204,/panchang/month-panchang.html?date=27/06/2022,03:47,21:18
205,/panchang/month-panchang.html?date=28/06/2022,03:47,21:18
206,/panchang/month-panchang.html?date=29/06/2022,03:48,21:18
207,/panchang/month-panchang.html?date=30/06/2022,03:49,21:17
208,/panchang/month-panchang.html?date=01/07/2022,03:50,21:17
209,/panchang/month-panchang.html?date=02/07/2022,03:50,21:16
210,/panchang/month-panchang.html?date=31/07/2022,04:33,20:38
211,/panchang/month-panchang.html?date=27/06/2022,03:47,21:18
212,/panchang/month-panchang.html?date=28/06/2022,03:47,21:18
213,/panchang/month-panchang.html?date=29/06/2022,03:48,21:18
214,/panchang/month-panchang.html?date=30/06/2022,03:49,21:17
215,/panchang/month-panchang.html?date=01/07/2022,03:50,21:17
216,/panchang/month-panchang.html?date=02/07/2022,03:50,21:16
217,/panchang/month-panchang.html?date=03/07/2022,03:51,21:16
218,/panchang/month-panchang.html?date=04/07/2022,03:52,21:15
219,/panchang/month-panchang.html?date=05/07/2022,03:53,21:14
220,/panchang/month-panchang.html?date=06/07/2022,03:54,21:14
221,/panchang/month-panchang.html?date=07/07/2022,03:55,21:13
222,/panchang/month-panchang.html?date=08/07/2022,03:57,21:12
223,/panchang/month-panchang.html?date=09/07/2022,03:58,21:11
224,/panchang/month-panchang.html?date=10/07/2022,03:59,21:10
225,/panchang/month-panchang.html?date=11/07/2022,04:00,21:09
226,/panchang/month-panchang.html?date=12/07/2022,04:02,21:08
227,/panchang/month-panchang.html?date=13/07/2022,04:03,21:07
228,/panchang/month-panchang.html?date=14/07/2022,04:04,21:06
229,/panchang/month-panchang.html?date=15/07/2022,04:06,21:04
230,/panchang/month-panchang.html?date=16/07/2022,04:07,21:03
231,/panchang/month-panchang.html?date=17/07/2022,04:09,21:02
232,/panchang/month-panchang.html?date=18/07/2022,04:10,21:00
233,/panchang/month-panchang.html?date=19/07/2022,04:12,20:59
234,/panchang/month-panchang.html?date=20/07/2022,04:13,20:57
235,/panchang/month-panchang.html?date=21/07/2022,04:15,20:56
236,/panchang/month-panchang.html?date=22/07/2022,04:17,20:54
237,/panchang/month-panchang.html?date=23/07/2022,04:18,20:53
238,/panchang/month-panchang.html?date=24/07/2022,04:20,20:51
239,/panchang/month-panchang.html?date=25/07/2022,04:22,20:49
240,/panchang/month-panchang.html?date=26/07/2022,04:24,20:47
241,/panchang/month-panchang.html?date=27/07/2022,04:25,20:46
242,/panchang/month-panchang.html?date=28/07/2022,04:27,20:44
243,/panchang/month-panchang.html?date=29/07/2022,04:29,20:42
244,/panchang/month-panchang.html?date=30/07/2022,04:31,20:40
245,/panchang/month-panchang.html?date=31/07/2022,04:33,20:38
246,/panchang/month-panchang.html?date=01/08/2022,04:34,20:36
247,/panchang/month-panchang.html?date=02/08/2022,04:36,20:34
248,/panchang/month-panchang.html?date=03/08/2022,04:38,20:32
249,/panchang/month-panchang.html?date=04/08/2022,04:40,20:30
250,/panchang/month-panchang.html?date=05/08/2022,04:42,20:28
251,/panchang/month-panchang.html?date=06/08/2022,04:44,20:26
252,/panchang/month-panchang.html?date=07/08/2022,04:46,20:24
253,/panchang/month-panchang.html?date=08/08/2022,04:47,20:22
254,/panchang/month-panchang.html?date=09/08/2022,04:49,20:19
255,/panchang/month-panchang.html?date=10/08/2022,04:51,20:17
256,/panchang/month-panchang.html?date=11/08/2022,04:53,20:15
257,/panchang/month-panchang.html?date=12/08/2022,04:55,20:13
258,/panchang/month-panchang.html?date=13/08/2022,04:57,20:10
259,/panchang/month-panchang.html?date=14/08/2022,04:59,20:08
260,/panchang/month-panchang.html?date=15/08/2022,05:01,20:06
261,/panchang/month-panchang.html?date=16/08/2022,05:03,20:03
262,/panchang/month-panchang.html?date=17/08/2022,05:05,20:01
263,/panchang/month-panchang.html?date=18/08/2022,05:07,19:59
264,/panchang/month-panchang.html?date=19/08/2022,05:09,19:56
265,/panchang/month-panchang.html?date=20/08/2022,05:11,19:54
266,/panchang/month-panchang.html?date=21/08/2022,05:13,19:51
267,/panchang/month-panchang.html?date=22/08/2022,05:15,19:49
268,/panchang/month-panchang.html?date=23/08/2022,05:16,19:47
269,/panchang/month-panchang.html?date=24/08/2022,05:18,19:44
270,/panchang/month-panchang.html?date=25/08/2022,05:20,19:42
271,/panchang/month-panchang.html?date=26/08/2022,05:22,19:39
272,/panchang/month-panchang.html?date=27/08/2022,05:24,19:37
273,/panchang/month-panchang.html?date=28/08/2022,05:26,19:34
274,/panchang/month-panchang.html?date=29/08/2022,05:28,19:32
275,/panchang/month-panchang.html?date=30/08/2022,05:30,19:29
276,/panchang/month-panchang.html?date=31/08/2022,05:32,19:26
277,/panchang/month-panchang.html?date=01/09/2022,05:34,19:24
278,/panchang/month-panchang.html?date=02/09/2022,05:36,19:21
279,/panchang/month-panchang.html?date=03/09/2022,05:38,19:19
280,/panchang/month-panchang.html?date=28/08/2022,05:26,19:34
281,/panchang/month-panchang.html?date=29/08/2022,05:28,19:32
282,/panchang/month-panchang.html?date=30/08/2022,05:30,19:29
283,/panchang/month-panchang.html?date=31/08/2022,05:32,19:26
284,/panchang/month-panchang.html?date=01/09/2022,05:34,19:24
285,/panchang/month-panchang.html?date=02/09/2022,05:36,19:21
286,/panchang/month-panchang.html?date=03/09/2022,05:38,19:19
287,/panchang/month-panchang.html?date=04/09/2022,05:40,19:16
288,/panchang/month-panchang.html?date=05/09/2022,05:42,19:14
289,/panchang/month-panchang.html?date=06/09/2022,05:44,19:11
290,/panchang/month-panchang.html?date=07/09/2022,05:45,19:08
291,/panchang/month-panchang.html?date=08/09/2022,05:47,19:06
292,/panchang/month-panchang.html?date=09/09/2022,05:49,19:03
293,/panchang/month-panchang.html?date=10/09/2022,05:51,19:01
294,/panchang/month-panchang.html?date=11/09/2022,05:53,18:58
295,/panchang/month-panchang.html?date=12/09/2022,05:55,18:55
296,/panchang/month-panchang.html?date=13/09/2022,05:57,18:53
297,/panchang/month-panchang.html?date=14/09/2022,05:59,18:50
298,/panchang/month-panchang.html?date=15/09/2022,06:01,18:47
299,/panchang/month-panchang.html?date=16/09/2022,06:03,18:45
300,/panchang/month-panchang.html?date=17/09/2022,06:05,18:42
301,/panchang/month-panchang.html?date=18/09/2022,06:07,18:40
302,/panchang/month-panchang.html?date=19/09/2022,06:09,18:37
303,/panchang/month-panchang.html?date=20/09/2022,06:11,18:34
304,/panchang/month-panchang.html?date=21/09/2022,06:12,18:32
305,/panchang/month-panchang.html?date=22/09/2022,06:14,18:29
306,/panchang/month-panchang.html?date=23/09/2022,06:16,18:26
307,/panchang/month-panchang.html?date=24/09/2022,06:18,18:24
308,/panchang/month-panchang.html?date=25/09/2022,06:20,18:21
309,/panchang/month-panchang.html?date=26/09/2022,06:22,18:19
310,/panchang/month-panchang.html?date=27/09/2022,06:24,18:16
311,/panchang/month-panchang.html?date=28/09/2022,06:26,18:13
312,/panchang/month-panchang.html?date=29/09/2022,06:28,18:11
313,/panchang/month-panchang.html?date=30/09/2022,06:30,18:08
314,/panchang/month-panchang.html?date=01/10/2022,06:32,18:05
315,/panchang/month-panchang.html?date=30/10/2022,07:31,16:54
316,/panchang/month-panchang.html?date=31/10/2022,07:33,16:52
317,/panchang/month-panchang.html?date=27/09/2022,06:24,18:16
318,/panchang/month-panchang.html?date=28/09/2022,06:26,18:13
319,/panchang/month-panchang.html?date=29/09/2022,06:28,18:11
320,/panchang/month-panchang.html?date=30/09/2022,06:30,18:08
321,/panchang/month-panchang.html?date=01/10/2022,06:32,18:05
322,/panchang/month-panchang.html?date=02/10/2022,06:34,18:03
323,/panchang/month-panchang.html?date=03/10/2022,06:36,18:00
324,/panchang/month-panchang.html?date=04/10/2022,06:38,17:58
325,/panchang/month-panchang.html?date=05/10/2022,06:40,17:55
326,/panchang/month-panchang.html?date=06/10/2022,06:42,17:52
327,/panchang/month-panchang.html?date=07/10/2022,06:44,17:50
328,/panchang/month-panchang.html?date=08/10/2022,06:46,17:47
329,/panchang/month-panchang.html?date=09/10/2022,06:48,17:45
330,/panchang/month-panchang.html?date=10/10/2022,06:50,17:42
331,/panchang/month-panchang.html?date=11/10/2022,06:52,17:40
332,/panchang/month-panchang.html?date=12/10/2022,06:54,17:37
333,/panchang/month-panchang.html?date=13/10/2022,06:56,17:35
334,/panchang/month-panchang.html?date=14/10/2022,06:58,17:32
335,/panchang/month-panchang.html?date=15/10/2022,07:00,17:30
336,/panchang/month-panchang.html?date=16/10/2022,07:02,17:27
337,/panchang/month-panchang.html?date=17/10/2022,07:04,17:25
338,/panchang/month-panchang.html?date=18/10/2022,07:06,17:22
339,/panchang/month-panchang.html?date=19/10/2022,07:08,17:20
340,/panchang/month-panchang.html?date=20/10/2022,07:10,17:18
341,/panchang/month-panchang.html?date=21/10/2022,07:12,17:15
342,/panchang/month-panchang.html?date=22/10/2022,07:14,17:13
343,/panchang/month-panchang.html?date=23/10/2022,07:16,17:10
344,/panchang/month-panchang.html?date=24/10/2022,07:18,17:08
345,/panchang/month-panchang.html?date=25/10/2022,07:21,17:06
346,/panchang/month-panchang.html?date=26/10/2022,07:23,17:03
347,/panchang/month-panchang.html?date=27/10/2022,07:25,17:01
348,/panchang/month-panchang.html?date=28/10/2022,07:27,16:59
349,/panchang/month-panchang.html?date=29/10/2022,07:29,16:57
350,/panchang/month-panchang.html?date=30/10/2022,07:31,16:54
351,/panchang/month-panchang.html?date=31/10/2022,07:33,16:52
352,/panchang/month-panchang.html?date=01/11/2022,07:35,16:50
353,/panchang/month-panchang.html?date=02/11/2022,07:37,16:48
354,/panchang/month-panchang.html?date=03/11/2022,07:39,16:46
355,/panchang/month-panchang.html?date=04/11/2022,07:42,16:44
356,/panchang/month-panchang.html?date=05/11/2022,07:44,16:42
357,/panchang/month-panchang.html?date=06/11/2022,07:46,16:40
358,/panchang/month-panchang.html?date=07/11/2022,07:48,16:38
359,/panchang/month-panchang.html?date=08/11/2022,07:50,16:36
360,/panchang/month-panchang.html?date=09/11/2022,07:52,16:34
361,/panchang/month-panchang.html?date=10/11/2022,07:54,16:32
362,/panchang/month-panchang.html?date=11/11/2022,07:56,16:30
363,/panchang/month-panchang.html?date=12/11/2022,07:58,16:28
364,/panchang/month-panchang.html?date=13/11/2022,08:00,16:27
365,/panchang/month-panchang.html?date=14/11/2022,08:02,16:25
366,/panchang/month-panchang.html?date=15/11/2022,08:04,16:23
367,/panchang/month-panchang.html?date=16/11/2022,08:07,16:21
368,/panchang/month-panchang.html?date=17/11/2022,08:09,16:20
369,/panchang/month-panchang.html?date=18/11/2022,08:11,16:18
370,/panchang/month-panchang.html?date=19/11/2022,08:13,16:17
371,/panchang/month-panchang.html?date=20/11/2022,08:15,16:15
372,/panchang/month-panchang.html?date=21/11/2022,08:16,16:14
373,/panchang/month-panchang.html?date=22/11/2022,08:18,16:12
374,/panchang/month-panchang.html?date=23/11/2022,08:20,16:11
375,/panchang/month-panchang.html?date=24/11/2022,08:22,16:10
376,/panchang/month-panchang.html?date=25/11/2022,08:24,16:08
377,/panchang/month-panchang.html?date=26/11/2022,08:26,16:07
378,/panchang/month-panchang.html?date=27/11/2022,08:28,16:06
379,/panchang/month-panchang.html?date=28/11/2022,08:29,16:05
380,/panchang/month-panchang.html?date=29/11/2022,08:31,16:04
381,/panchang/month-panchang.html?date=30/11/2022,08:33,16:03
382,/panchang/month-panchang.html?date=01/12/2022,08:35,16:02
383,/panchang/month-panchang.html?date=02/12/2022,08:36,16:01
384,/panchang/month-panchang.html?date=03/12/2022,08:38,16:01
385,/panchang/month-panchang.html?date=27/11/2022,08:28,16:06
386,/panchang/month-panchang.html?date=28/11/2022,08:29,16:05
387,/panchang/month-panchang.html?date=29/11/2022,08:31,16:04
388,/panchang/month-panchang.html?date=30/11/2022,08:33,16:03
389,/panchang/month-panchang.html?date=01/12/2022,08:35,16:02
390,/panchang/month-panchang.html?date=02/12/2022,08:36,16:01
391,/panchang/month-panchang.html?date=03/12/2022,08:38,16:01
392,/panchang/month-panchang.html?date=04/12/2022,08:39,16:00
393,/panchang/month-panchang.html?date=05/12/2022,08:41,15:59
394,/panchang/month-panchang.html?date=06/12/2022,08:42,15:59
395,/panchang/month-panchang.html?date=07/12/2022,08:44,15:58
396,/panchang/month-panchang.html?date=08/12/2022,08:45,15:58
397,/panchang/month-panchang.html?date=09/12/2022,08:46,15:57
398,/panchang/month-panchang.html?date=10/12/2022,08:48,15:57
399,/panchang/month-panchang.html?date=11/12/2022,08:49,15:57
400,/panchang/month-panchang.html?date=12/12/2022,08:50,15:56
401,/panchang/month-panchang.html?date=13/12/2022,08:51,15:56
402,/panchang/month-panchang.html?date=14/12/2022,08:52,15:56
403,/panchang/month-panchang.html?date=15/12/2022,08:53,15:56
404,/panchang/month-panchang.html?date=16/12/2022,08:54,15:56
405,/panchang/month-panchang.html?date=17/12/2022,08:55,15:56
406,/panchang/month-panchang.html?date=18/12/2022,08:56,15:57
407,/panchang/month-panchang.html?date=19/12/2022,08:56,15:57
408,/panchang/month-panchang.html?date=20/12/2022,08:57,15:57
409,/panchang/month-panchang.html?date=21/12/2022,08:57,15:58
410,/panchang/month-panchang.html?date=22/12/2022,08:58,15:58
411,/panchang/month-panchang.html?date=23/12/2022,08:58,15:59
412,/panchang/month-panchang.html?date=24/12/2022,08:59,15:59
413,/panchang/month-panchang.html?date=25/12/2022,08:59,16:00
414,/panchang/month-panchang.html?date=26/12/2022,08:59,16:01
415,/panchang/month-panchang.html?date=27/12/2022,08:59,16:02
416,/panchang/month-panchang.html?date=28/12/2022,09:00,16:03
417,/panchang/month-panchang.html?date=29/12/2022,09:00,16:04
418,/panchang/month-panchang.html?date=30/12/2022,09:00,16:05
419,/panchang/month-panchang.html?date=31/12/2022,08:59,16:06
