,item_festival,item_festival_title
0,Anvadhan,<img class='dpTooltipImg' src='/images/festivals/60x60/vrat_and_upavas.png' alt='icon'> Anvadhan <br> on January 31st (Monday)
1,Darsha Amavasya,<img class='dpTooltipImg' src='/images/festivals/60x60/amavasya.png' alt='icon'> Darsha Amavasya <br> on January 31st (Monday)
2,Saphala Ekadashi,<img class='dpTooltipImg' src='/images/festivals/60x60/lord_vishnu_with_goddess_lakshmi.png' alt='icon'> Saphala Ekadashi <br> on December 29th (Wednesday)
3,Gauna Saphala Ekadashi,<img class='dpTooltipImg' src='/images/festivals/60x60/lord_vishnu_with_goddess_lakshmi.png' alt='icon'> Gauna Saphala Ekadashi <br> on December 30th (Thursday)
4,Vaishnava Saphala Ekadashi,<img class='dpTooltipImg' src='/images/festivals/60x60/lord_vishnu_with_goddess_lakshmi.png' alt='icon'> Vaishnava Saphala Ekadashi <br> on December 30th (Thursday)
5,Pradosh Vrat,<img class='dpTooltipImg' src='/images/festivals/60x60/pradosh_vrat.png' alt='icon'> Pradosh Vrat <br> on December 31st (Friday)
6,Anvadhan,<img class='dpTooltipImg' src='/images/festivals/60x60/vrat_and_upavas.png' alt='icon'> Anvadhan <br> on January 2nd (Sunday)
7,Darsha Amavasya,<img class='dpTooltipImg' src='/images/festivals/60x60/amavasya.png' alt='icon'> Darsha Amavasya <br> on January 2nd (Sunday)
8,Pausha Amavasya,<img class='dpTooltipImg' src='/images/festivals/60x60/amavasya.png' alt='icon'> Pausha Amavasya <br> on January 2nd (Sunday)
9,Ishti,<img class='dpTooltipImg' src='/images/festivals/60x60/agni_nakshatram_begins.png' alt='icon'> Ishti <br> on January 3rd (Monday)
10,Chandra Darshana,<img class='dpTooltipImg' src='/images/festivals/60x60/chandra_dev.png' alt='icon'> Chandra Darshana <br> on January 4th (Tuesday)
11,Pausha Putrada Ekadashi,<img class='dpTooltipImg' src='/images/festivals/60x60/lord_vishnu_with_goddess_lakshmi.png' alt='icon'> Pausha Putrada Ekadashi <br> on January 13th (Thursday)
12,Pongal,<img class='dpTooltipImg' src='/images/festivals/60x60/thai_pongal.png' alt='icon'> Pongal <br> on January 14th (Friday)
13,Makara Sankranti,<img class='dpTooltipImg' src='/images/festivals/60x60/uttarayana_sankranti.png' alt='icon'> Makara Sankranti <br> on January 14th (Friday)
14,Pradosh Vrat,<img class='dpTooltipImg' src='/images/festivals/60x60/pradosh_vrat.png' alt='icon'> Pradosh Vrat <br> on January 15th (Saturday)
15,Anvadhan,<img class='dpTooltipImg' src='/images/festivals/60x60/vrat_and_upavas.png' alt='icon'> Anvadhan <br> on January 17th (Monday)
16,Pausha Purnima,<img class='dpTooltipImg' src='/images/festivals/60x60/purnima_full_moon.png' alt='icon'> Pausha Purnima <br> on January 17th (Monday)
17,Shakambhari Purnima,<img class='dpTooltipImg' src='/images/festivals/60x60/goddess_shakambari.png' alt='icon'> Shakambhari Purnima <br> on January 17th (Monday)
18,Ishti,<img class='dpTooltipImg' src='/images/festivals/60x60/agni_nakshatram_begins.png' alt='icon'> Ishti <br> on January 18th (Tuesday)
19,Sakat Chauth,<img class='dpTooltipImg' src='/images/festivals/60x60/sankashti_chaturthi.png' alt='icon'> Sakat Chauth <br> on January 21st (Friday)
20,Lambodara Sankashti Chaturthi,<img class='dpTooltipImg' src='/images/festivals/60x60/lambodara_ganesha.png' alt='icon'> Lambodara Sankashti Chaturthi <br> on January 21st (Friday)
21,Shattila Ekadashi,<img class='dpTooltipImg' src='/images/festivals/60x60/lord_vishnu_with_goddess_lakshmi.png' alt='icon'> Shattila Ekadashi <br> on January 28th (Friday)
22,Pradosh Vrat,<img class='dpTooltipImg' src='/images/festivals/60x60/pradosh_vrat.png' alt='icon'> Pradosh Vrat <br> on January 29th (Saturday)
23,Anvadhan,<img class='dpTooltipImg' src='/images/festivals/60x60/vrat_and_upavas.png' alt='icon'> Anvadhan <br> on January 31st (Monday)
24,Darsha Amavasya,<img class='dpTooltipImg' src='/images/festivals/60x60/amavasya.png' alt='icon'> Darsha Amavasya <br> on January 31st (Monday)
25,Ishti,<img class='dpTooltipImg' src='/images/festivals/60x60/agni_nakshatram_begins.png' alt='icon'> Ishti <br> on February 1st (Tuesday)
26,Mauni Amavas,<img class='dpTooltipImg' src='/images/festivals/60x60/mauni_amavasya_bath.png' alt='icon'> Mauni Amavas <br> on February 1st (Tuesday)
27,Magha Navratri,<img class='dpTooltipImg' src='/images/festivals/60x60/chaitra_navratri.png' alt='icon'> Magha Navratri <br> on February 1st (Tuesday)
28,Magha Amavasya,<img class='dpTooltipImg' src='/images/festivals/60x60/amavasya.png' alt='icon'> Magha Amavasya <br> on February 1st (Tuesday)
29,Chandra Darshana,<img class='dpTooltipImg' src='/images/festivals/60x60/chandra_dev.png' alt='icon'> Chandra Darshana <br> on February 2nd (Wednesday)
30,Vasant Panchami,<img class='dpTooltipImg' src='/images/festivals/60x60/vasant_panchami_puja.png' alt='icon'> Vasant Panchami <br> on February 5th (Saturday)
31,Ratha Saptami,<img class='dpTooltipImg' src='/images/festivals/60x60/ratha_saptami.png' alt='icon'> Ratha Saptami <br> on February 7th (Monday)
32,Bhishma Ashtami,<img class='dpTooltipImg' src='/images/festivals/60x60/bhishma_ashtami.png' alt='icon'> Bhishma Ashtami <br> on February 8th (Tuesday)
33,Jaya Ekadashi,<img class='dpTooltipImg' src='/images/festivals/60x60/lord_vishnu_with_goddess_lakshmi.png' alt='icon'> Jaya Ekadashi <br> on February 12th (Saturday)
34,Pradosh Vrat,<img class='dpTooltipImg' src='/images/festivals/60x60/pradosh_vrat.png' alt='icon'> Pradosh Vrat <br> on February 13th (Sunday)
35,Kumbha Sankranti,<img class='dpTooltipImg' src='/images/festivals/60x60/surya_puja.png' alt='icon'> Kumbha Sankranti <br> on February 13th (Sunday)
36,Anvadhan,<img class='dpTooltipImg' src='/images/festivals/60x60/vrat_and_upavas.png' alt='icon'> Anvadhan <br> on February 16th (Wednesday)
37,Magha Purnima,<img class='dpTooltipImg' src='/images/festivals/60x60/purnima_full_moon.png' alt='icon'> Magha Purnima <br> on February 16th (Wednesday)
38,Ishti,<img class='dpTooltipImg' src='/images/festivals/60x60/agni_nakshatram_begins.png' alt='icon'> Ishti <br> on February 17th (Thursday)
39,Dwijapriya Sankashti Chaturthi,<img class='dpTooltipImg' src='/images/festivals/60x60/sankashti_chaturthi.png' alt='icon'> Dwijapriya Sankashti Chaturthi <br> on February 19th (Saturday)
40,Vijaya Ekadashi,<img class='dpTooltipImg' src='/images/festivals/60x60/lord_vishnu_with_goddess_lakshmi.png' alt='icon'> Vijaya Ekadashi <br> on February 26th (Saturday)
41,Gauna Vijaya Ekadashi,<img class='dpTooltipImg' src='/images/festivals/60x60/lord_vishnu_with_goddess_lakshmi.png' alt='icon'> Gauna Vijaya Ekadashi <br> on February 27th (Sunday)
42,Vaishnava Vijaya Ekadashi,<img class='dpTooltipImg' src='/images/festivals/60x60/lord_vishnu_with_goddess_lakshmi.png' alt='icon'> Vaishnava Vijaya Ekadashi <br> on February 27th (Sunday)
43,Pradosh Vrat,<img class='dpTooltipImg' src='/images/festivals/60x60/pradosh_vrat.png' alt='icon'> Pradosh Vrat <br> on February 28th (Monday)
44,Maha Shivaratri,<img class='dpTooltipImg' src='/images/festivals/60x60/ladies_maha_shivaratri_puja.png' alt='icon'> Maha Shivaratri <br> on February 28th (Monday)
45,Anvadhan,<img class='dpTooltipImg' src='/images/festivals/60x60/vrat_and_upavas.png' alt='icon'> Anvadhan <br> on March 2nd (Wednesday)
46,Darsha Amavasya,<img class='dpTooltipImg' src='/images/festivals/60x60/amavasya.png' alt='icon'> Darsha Amavasya <br> on March 2nd (Wednesday)
47,Phalguna Amavasya,<img class='dpTooltipImg' src='/images/festivals/60x60/amavasya.png' alt='icon'> Phalguna Amavasya <br> on March 2nd (Wednesday)
48,Ishti,<img class='dpTooltipImg' src='/images/festivals/60x60/agni_nakshatram_begins.png' alt='icon'> Ishti <br> on March 3rd (Thursday)
49,Phulera Dooj,<img class='dpTooltipImg' src='/images/festivals/60x60/phulera_dooj.png' alt='icon'> Phulera Dooj <br> on March 4th (Friday)
50,Chandra Darshana,<img class='dpTooltipImg' src='/images/festivals/60x60/chandra_dev.png' alt='icon'> Chandra Darshana <br> on March 4th (Friday)
51,Gauna Vijaya Ekadashi,<img class='dpTooltipImg' src='/images/festivals/60x60/lord_vishnu_with_goddess_lakshmi.png' alt='icon'> Gauna Vijaya Ekadashi <br> on February 27th (Sunday)
52,Vaishnava Vijaya Ekadashi,<img class='dpTooltipImg' src='/images/festivals/60x60/lord_vishnu_with_goddess_lakshmi.png' alt='icon'> Vaishnava Vijaya Ekadashi <br> on February 27th (Sunday)
53,Pradosh Vrat,<img class='dpTooltipImg' src='/images/festivals/60x60/pradosh_vrat.png' alt='icon'> Pradosh Vrat <br> on February 28th (Monday)
54,Maha Shivaratri,<img class='dpTooltipImg' src='/images/festivals/60x60/ladies_maha_shivaratri_puja.png' alt='icon'> Maha Shivaratri <br> on February 28th (Monday)
55,Anvadhan,<img class='dpTooltipImg' src='/images/festivals/60x60/vrat_and_upavas.png' alt='icon'> Anvadhan <br> on March 2nd (Wednesday)
56,Darsha Amavasya,<img class='dpTooltipImg' src='/images/festivals/60x60/amavasya.png' alt='icon'> Darsha Amavasya <br> on March 2nd (Wednesday)
57,Phalguna Amavasya,<img class='dpTooltipImg' src='/images/festivals/60x60/amavasya.png' alt='icon'> Phalguna Amavasya <br> on March 2nd (Wednesday)
58,Ishti,<img class='dpTooltipImg' src='/images/festivals/60x60/agni_nakshatram_begins.png' alt='icon'> Ishti <br> on March 3rd (Thursday)
59,Phulera Dooj,<img class='dpTooltipImg' src='/images/festivals/60x60/phulera_dooj.png' alt='icon'> Phulera Dooj <br> on March 4th (Friday)
60,Chandra Darshana,<img class='dpTooltipImg' src='/images/festivals/60x60/chandra_dev.png' alt='icon'> Chandra Darshana <br> on March 4th (Friday)
61,Meena Sankranti,<img class='dpTooltipImg' src='/images/festivals/60x60/meena_sankranti.png' alt='icon'> Meena Sankranti <br> on March 14th (Monday)
62,Amalaki Ekadashi,<img class='dpTooltipImg' src='/images/festivals/60x60/lord_vishnu_with_goddess_lakshmi.png' alt='icon'> Amalaki Ekadashi <br> on March 14th (Monday)
63,Pradosh Vrat,<img class='dpTooltipImg' src='/images/festivals/60x60/pradosh_vrat.png' alt='icon'> Pradosh Vrat <br> on March 15th (Tuesday)
64,Anvadhan,<img class='dpTooltipImg' src='/images/festivals/60x60/vrat_and_upavas.png' alt='icon'> Anvadhan <br> on March 17th (Thursday)
65,Chhoti Holi,<img class='dpTooltipImg' src='/images/festivals/60x60/holika_dahan_prahlada.png' alt='icon'> Chhoti Holi <br> on March 17th (Thursday)
66,Holika Dahan,<img class='dpTooltipImg' src='/images/festivals/60x60/holika_dahan_prahlada.png' alt='icon'> Holika Dahan <br> on March 17th (Thursday)
67,Holi,<img class='dpTooltipImg' src='/images/festivals/60x60/krishna_radha_playing_holi.png' alt='icon'> Holi <br> on March 18th (Friday)
68,Ishti,<img class='dpTooltipImg' src='/images/festivals/60x60/agni_nakshatram_begins.png' alt='icon'> Ishti <br> on March 18th (Friday)
69,Vasanta Purnima,<img class='dpTooltipImg' src='/images/festivals/60x60/vasanta_purnima_radha_krishna_holi.png' alt='icon'> Vasanta Purnima <br> on March 18th (Friday)
70,Phalguna Purnima,<img class='dpTooltipImg' src='/images/festivals/60x60/purnima_full_moon.png' alt='icon'> Phalguna Purnima <br> on March 18th (Friday)
71,Bhai Dooj,<img class='dpTooltipImg' src='/images/festivals/60x60/bhaiya_dooj_tilak.png' alt='icon'> Bhai Dooj <br> on March 20th (Sunday)
72,Bhratri Dwitiya,<img class='dpTooltipImg' src='/images/festivals/60x60/bhaiya_duj.png' alt='icon'> Bhratri Dwitiya <br> on March 20th (Sunday)
73,Bhalachandra Sankashti Chaturthi,<img class='dpTooltipImg' src='/images/festivals/60x60/sankashti_chaturthi.png' alt='icon'> Bhalachandra Sankashti Chaturthi <br> on March 21st (Monday)
74,Ranga Panchami,<img class='dpTooltipImg' src='/images/festivals/60x60/ranga_panchami.png' alt='icon'> Ranga Panchami <br> on March 22nd (Tuesday)
75,Sheetala Saptami,<img class='dpTooltipImg' src='/images/festivals/60x60/sheetala_ashtami.png' alt='icon'> Sheetala Saptami <br> on March 24th (Thursday)
76,Basoda,<img class='dpTooltipImg' src='/images/festivals/60x60/sheetala_ashtami.png' alt='icon'> Basoda <br> on March 25th (Friday)
77,Sheetala Ashtami,<img class='dpTooltipImg' src='/images/festivals/60x60/sheetala_ashtami.png' alt='icon'> Sheetala Ashtami <br> on March 25th (Friday)
78,Papmochani Ekadashi,<img class='dpTooltipImg' src='/images/festivals/60x60/lord_vishnu_with_goddess_lakshmi.png' alt='icon'> Papmochani Ekadashi <br> on March 28th (Monday)
79,Pradosh Vrat,<img class='dpTooltipImg' src='/images/festivals/60x60/pradosh_vrat.png' alt='icon'> Pradosh Vrat <br> on March 29th (Tuesday)
80,Anvadhan,<img class='dpTooltipImg' src='/images/festivals/60x60/vrat_and_upavas.png' alt='icon'> Anvadhan <br> on March 31st (Thursday)
81,Darsha Amavasya,<img class='dpTooltipImg' src='/images/festivals/60x60/amavasya.png' alt='icon'> Darsha Amavasya <br> on March 31st (Thursday)
82,Ishti,<img class='dpTooltipImg' src='/images/festivals/60x60/agni_nakshatram_begins.png' alt='icon'> Ishti <br> on April 1st (Friday)
83,Chaitra Amavasya,<img class='dpTooltipImg' src='/images/festivals/60x60/amavasya.png' alt='icon'> Chaitra Amavasya <br> on April 1st (Friday)
84,Ugadi,<img class='dpTooltipImg' src='/images/festivals/60x60/ugadi_celebration.png' alt='icon'> Ugadi <br> on April 2nd (Saturday)
85,Gudi Padwa,<img class='dpTooltipImg' src='/images/festivals/60x60/gudi_padwa.png' alt='icon'> Gudi Padwa <br> on April 2nd (Saturday)
86,Chaitra Navratri,<img class='dpTooltipImg' src='/images/festivals/60x60/chaitra_navratri.png' alt='icon'> Chaitra Navratri <br> on April 2nd (Saturday)
87,Chandra Darshana,<img class='dpTooltipImg' src='/images/festivals/60x60/chandra_dev.png' alt='icon'> Chandra Darshana <br> on April 2nd (Saturday)
88,Papmochani Ekadashi,<img class='dpTooltipImg' src='/images/festivals/60x60/lord_vishnu_with_goddess_lakshmi.png' alt='icon'> Papmochani Ekadashi <br> on March 28th (Monday)
89,Pradosh Vrat,<img class='dpTooltipImg' src='/images/festivals/60x60/pradosh_vrat.png' alt='icon'> Pradosh Vrat <br> on March 29th (Tuesday)
90,Anvadhan,<img class='dpTooltipImg' src='/images/festivals/60x60/vrat_and_upavas.png' alt='icon'> Anvadhan <br> on March 31st (Thursday)
91,Darsha Amavasya,<img class='dpTooltipImg' src='/images/festivals/60x60/amavasya.png' alt='icon'> Darsha Amavasya <br> on March 31st (Thursday)
92,Ishti,<img class='dpTooltipImg' src='/images/festivals/60x60/agni_nakshatram_begins.png' alt='icon'> Ishti <br> on April 1st (Friday)
93,Chaitra Amavasya,<img class='dpTooltipImg' src='/images/festivals/60x60/amavasya.png' alt='icon'> Chaitra Amavasya <br> on April 1st (Friday)
94,Ugadi,<img class='dpTooltipImg' src='/images/festivals/60x60/ugadi_celebration.png' alt='icon'> Ugadi <br> on April 2nd (Saturday)
95,Gudi Padwa,<img class='dpTooltipImg' src='/images/festivals/60x60/gudi_padwa.png' alt='icon'> Gudi Padwa <br> on April 2nd (Saturday)
96,Chaitra Navratri,<img class='dpTooltipImg' src='/images/festivals/60x60/chaitra_navratri.png' alt='icon'> Chaitra Navratri <br> on April 2nd (Saturday)
97,Chandra Darshana,<img class='dpTooltipImg' src='/images/festivals/60x60/chandra_dev.png' alt='icon'> Chandra Darshana <br> on April 2nd (Saturday)
98,Matsya Jayanti,<img class='dpTooltipImg' src='/images/festivals/60x60/matsya_jayanti.png' alt='icon'> Matsya Jayanti <br> on April 3rd (Sunday)
99,Gangaur,<img class='dpTooltipImg' src='/images/festivals/60x60/gauri_puja.png' alt='icon'> Gangaur <br> on April 4th (Monday)
100,Gauri Puja,<img class='dpTooltipImg' src='/images/festivals/60x60/gauri_puja.png' alt='icon'> Gauri Puja <br> on April 4th (Monday)
101,Lakshmi Panchami,<img class='dpTooltipImg' src='/images/festivals/60x60/goddess_griha_lakshmi.png' alt='icon'> Lakshmi Panchami <br> on April 5th (Tuesday)
102,Yamuna Chhath,<img class='dpTooltipImg' src='/images/festivals/60x60/yamuna_chhath.png' alt='icon'> Yamuna Chhath <br> on April 7th (Thursday)
103,Rama Navami,<img class='dpTooltipImg' src='/images/festivals/60x60/rama_navami.png' alt='icon'> Rama Navami <br> on April 10th (Sunday)
104,Swaminarayan Jayanti,<img class='dpTooltipImg' src='/images/festivals/60x60/shri_swaminarayan.png' alt='icon'> Swaminarayan Jayanti <br> on April 10th (Sunday)
105,Kamada Ekadashi,<img class='dpTooltipImg' src='/images/festivals/60x60/lord_vishnu_with_goddess_lakshmi.png' alt='icon'> Kamada Ekadashi <br> on April 12th (Tuesday)
106,Pradosh Vrat,<img class='dpTooltipImg' src='/images/festivals/60x60/pradosh_vrat.png' alt='icon'> Pradosh Vrat <br> on April 14th (Thursday)
107,Solar New Year,<img class='dpTooltipImg' src='/images/festivals/60x60/solar_new_year.png' alt='icon'> Solar New Year <br> on April 14th (Thursday)
108,Mesha Sankranti,<img class='dpTooltipImg' src='/images/festivals/60x60/solar_new_year.png' alt='icon'> Mesha Sankranti <br> on April 14th (Thursday)
109,Anvadhan,<img class='dpTooltipImg' src='/images/festivals/60x60/vrat_and_upavas.png' alt='icon'> Anvadhan <br> on April 16th (Saturday)
110,Hanuman Jayanti,<img class='dpTooltipImg' src='/images/festivals/60x60/bal_hanuman_mata_anjana_kesari.png' alt='icon'> Hanuman Jayanti <br> on April 16th (Saturday)
111,Chaitra Purnima,<img class='dpTooltipImg' src='/images/festivals/60x60/purnima_full_moon.png' alt='icon'> Chaitra Purnima <br> on April 16th (Saturday)
112,Ishti,<img class='dpTooltipImg' src='/images/festivals/60x60/agni_nakshatram_begins.png' alt='icon'> Ishti <br> on April 17th (Sunday)
113,Vikata Sankashti Chaturthi,<img class='dpTooltipImg' src='/images/festivals/60x60/vikata_ganesha.png' alt='icon'> Vikata Sankashti Chaturthi <br> on April 19th (Tuesday)
114,Varuthini Ekadashi,<img class='dpTooltipImg' src='/images/festivals/60x60/lord_vishnu_with_goddess_lakshmi.png' alt='icon'> Varuthini Ekadashi <br> on April 26th (Tuesday)
115,Pradosh Vrat,<img class='dpTooltipImg' src='/images/festivals/60x60/pradosh_vrat.png' alt='icon'> Pradosh Vrat <br> on April 28th (Thursday)
116,Anvadhan,<img class='dpTooltipImg' src='/images/festivals/60x60/vrat_and_upavas.png' alt='icon'> Anvadhan <br> on April 30th (Saturday)
117,Darsha Amavasya,<img class='dpTooltipImg' src='/images/festivals/60x60/amavasya.png' alt='icon'> Darsha Amavasya <br> on April 30th (Saturday)
118,Vaishakha Amavasya,<img class='dpTooltipImg' src='/images/festivals/60x60/amavasya.png' alt='icon'> Vaishakha Amavasya <br> on April 30th (Saturday)
119,Surya Grahan *Anshika,<img class='dpTooltipImg' src='/images/festivals/60x60/surya_grahan.png' alt='icon'> Surya Grahan *Anshika <br> on April 30th (Saturday)
120,Ishti,<img class='dpTooltipImg' src='/images/festivals/60x60/agni_nakshatram_begins.png' alt='icon'> Ishti <br> on May 1st (Sunday)
121,Chandra Darshana,<img class='dpTooltipImg' src='/images/festivals/60x60/chandra_dev.png' alt='icon'> Chandra Darshana <br> on May 2nd (Monday)
122,Akshaya Tritiya,<img class='dpTooltipImg' src='/images/festivals/60x60/akshaya_tritiya_vishnu_lakshmi_puja.png' alt='icon'> Akshaya Tritiya <br> on May 3rd (Tuesday)
123,Parashurama Jayanti,<img class='dpTooltipImg' src='/images/festivals/60x60/parashuram_jayanti.png' alt='icon'> Parashurama Jayanti <br> on May 3rd (Tuesday)
124,Ganga Saptami,<img class='dpTooltipImg' src='/images/festivals/60x60/ganga_saptami.png' alt='icon'> Ganga Saptami <br> on May 8th (Sunday)
125,Sita Navami,<img class='dpTooltipImg' src='/images/festivals/60x60/sita_navami.png' alt='icon'> Sita Navami <br> on May 10th (Tuesday)
126,Mohini Ekadashi,<img class='dpTooltipImg' src='/images/festivals/60x60/lord_vishnu_with_goddess_lakshmi.png' alt='icon'> Mohini Ekadashi <br> on May 12th (Thursday)
127,Pradosh Vrat,<img class='dpTooltipImg' src='/images/festivals/60x60/pradosh_vrat.png' alt='icon'> Pradosh Vrat <br> on May 13th (Friday)
128,Narasimha Jayanti,<img class='dpTooltipImg' src='/images/festivals/60x60/narasimha_jayanti.png' alt='icon'> Narasimha Jayanti <br> on May 14th (Saturday)
129,Anvadhan,<img class='dpTooltipImg' src='/images/festivals/60x60/vrat_and_upavas.png' alt='icon'> Anvadhan <br> on May 15th (Sunday)
130,Kurma Jayanti,<img class='dpTooltipImg' src='/images/festivals/60x60/kurma_jayanti.png' alt='icon'> Kurma Jayanti <br> on May 15th (Sunday)
131,Vrishabha Sankranti,<img class='dpTooltipImg' src='/images/festivals/60x60/vrishabha_sankranti.png' alt='icon'> Vrishabha Sankranti <br> on May 15th (Sunday)
132,Ishti,<img class='dpTooltipImg' src='/images/festivals/60x60/agni_nakshatram_begins.png' alt='icon'> Ishti <br> on May 16th (Monday)
133,Buddha Purnima,<img class='dpTooltipImg' src='/images/festivals/60x60/buddha_jayanti.png' alt='icon'> Buddha Purnima <br> on May 16th (Monday)
134,Narada Jayanti,<img class='dpTooltipImg' src='/images/festivals/60x60/narada_muni.png' alt='icon'> Narada Jayanti <br> on May 16th (Monday)
135,Vaishakha Purnima,<img class='dpTooltipImg' src='/images/festivals/60x60/purnima_full_moon.png' alt='icon'> Vaishakha Purnima <br> on May 16th (Monday)
136,Chandra Grahan *Purna,<img class='dpTooltipImg' src='/images/festivals/60x60/chandra_grahan.png' alt='icon'> Chandra Grahan *Purna <br> on May 16th (Monday)
137,Ekadanta Sankashti Chaturthi,<img class='dpTooltipImg' src='/images/festivals/60x60/ekadanta_ganesha.png' alt='icon'> Ekadanta Sankashti Chaturthi <br> on May 18th (Wednesday)
138,Apara Ekadashi,<img class='dpTooltipImg' src='/images/festivals/60x60/lord_vishnu_with_goddess_lakshmi.png' alt='icon'> Apara Ekadashi <br> on May 26th (Thursday)
139,Pradosh Vrat,<img class='dpTooltipImg' src='/images/festivals/60x60/pradosh_vrat.png' alt='icon'> Pradosh Vrat <br> on May 27th (Friday)
140,Darsha Amavasya,<img class='dpTooltipImg' src='/images/festivals/60x60/amavasya.png' alt='icon'> Darsha Amavasya <br> on May 29th (Sunday)
141,Vat Savitri Vrat,<img class='dpTooltipImg' src='/images/festivals/60x60/vat_savitri_vrat_puja.png' alt='icon'> Vat Savitri Vrat <br> on May 29th (Sunday)
142,Anvadhan,<img class='dpTooltipImg' src='/images/festivals/60x60/vrat_and_upavas.png' alt='icon'> Anvadhan <br> on May 30th (Monday)
143,Shani Jayanti,<img class='dpTooltipImg' src='/images/festivals/60x60/shani_dev.png' alt='icon'> Shani Jayanti <br> on May 30th (Monday)
144,Jyeshtha Amavasya,<img class='dpTooltipImg' src='/images/festivals/60x60/amavasya.png' alt='icon'> Jyeshtha Amavasya <br> on May 30th (Monday)
145,Ishti,<img class='dpTooltipImg' src='/images/festivals/60x60/agni_nakshatram_begins.png' alt='icon'> Ishti <br> on May 31st (Tuesday)
146,Chandra Darshana,<img class='dpTooltipImg' src='/images/festivals/60x60/chandra_dev.png' alt='icon'> Chandra Darshana <br> on May 31st (Tuesday)
147,Darsha Amavasya,<img class='dpTooltipImg' src='/images/festivals/60x60/amavasya.png' alt='icon'> Darsha Amavasya <br> on May 29th (Sunday)
148,Vat Savitri Vrat,<img class='dpTooltipImg' src='/images/festivals/60x60/vat_savitri_vrat_puja.png' alt='icon'> Vat Savitri Vrat <br> on May 29th (Sunday)
149,Anvadhan,<img class='dpTooltipImg' src='/images/festivals/60x60/vrat_and_upavas.png' alt='icon'> Anvadhan <br> on May 30th (Monday)
150,Shani Jayanti,<img class='dpTooltipImg' src='/images/festivals/60x60/shani_dev.png' alt='icon'> Shani Jayanti <br> on May 30th (Monday)
151,Jyeshtha Amavasya,<img class='dpTooltipImg' src='/images/festivals/60x60/amavasya.png' alt='icon'> Jyeshtha Amavasya <br> on May 30th (Monday)
152,Ishti,<img class='dpTooltipImg' src='/images/festivals/60x60/agni_nakshatram_begins.png' alt='icon'> Ishti <br> on May 31st (Tuesday)
153,Chandra Darshana,<img class='dpTooltipImg' src='/images/festivals/60x60/chandra_dev.png' alt='icon'> Chandra Darshana <br> on May 31st (Tuesday)
154,Ganga Dussehra,<img class='dpTooltipImg' src='/images/festivals/60x60/ganga_dussehra.png' alt='icon'> Ganga Dussehra <br> on June 9th (Thursday)
155,Gayatri Jayanti,<img class='dpTooltipImg' src='/images/festivals/60x60/goddess_gayatri.png' alt='icon'> Gayatri Jayanti <br> on June 10th (Friday)
156,Nirjala Ekadashi,<img class='dpTooltipImg' src='/images/festivals/60x60/lord_vishnu_with_goddess_lakshmi.png' alt='icon'> Nirjala Ekadashi <br> on June 10th (Friday)
157,Gauna Nirjala Ekadashi,<img class='dpTooltipImg' src='/images/festivals/60x60/lord_vishnu_with_goddess_lakshmi.png' alt='icon'> Gauna Nirjala Ekadashi <br> on June 11th (Saturday)
158,Vaishnava Nirjala Ekadashi,<img class='dpTooltipImg' src='/images/festivals/60x60/lord_vishnu_with_goddess_lakshmi.png' alt='icon'> Vaishnava Nirjala Ekadashi <br> on June 11th (Saturday)
159,Pradosh Vrat,<img class='dpTooltipImg' src='/images/festivals/60x60/pradosh_vrat.png' alt='icon'> Pradosh Vrat <br> on June 12th (Sunday)
160,Vat Purnima Vrat,<img class='dpTooltipImg' src='/images/festivals/60x60/vat_purnima_puja.png' alt='icon'> Vat Purnima Vrat <br> on June 13th (Monday)
161,Anvadhan,<img class='dpTooltipImg' src='/images/festivals/60x60/vrat_and_upavas.png' alt='icon'> Anvadhan <br> on June 14th (Tuesday)
162,Jyeshtha Purnima,<img class='dpTooltipImg' src='/images/festivals/60x60/purnima_full_moon.png' alt='icon'> Jyeshtha Purnima <br> on June 14th (Tuesday)
163,Ishti,<img class='dpTooltipImg' src='/images/festivals/60x60/agni_nakshatram_begins.png' alt='icon'> Ishti <br> on June 15th (Wednesday)
164,Mithuna Sankranti,<img class='dpTooltipImg' src='/images/festivals/60x60/mithuna_sankranti.png' alt='icon'> Mithuna Sankranti <br> on June 15th (Wednesday)
165,Krishnapingala Sankashti Chaturthi,<img class='dpTooltipImg' src='/images/festivals/60x60/sankashti_chaturthi.png' alt='icon'> Krishnapingala Sankashti Chaturthi <br> on June 17th (Friday)
166,Yogini Ekadashi,<img class='dpTooltipImg' src='/images/festivals/60x60/lord_vishnu_with_goddess_lakshmi.png' alt='icon'> Yogini Ekadashi <br> on June 24th (Friday)
167,Pradosh Vrat,<img class='dpTooltipImg' src='/images/festivals/60x60/pradosh_vrat.png' alt='icon'> Pradosh Vrat <br> on June 26th (Sunday)
168,Anvadhan,<img class='dpTooltipImg' src='/images/festivals/60x60/vrat_and_upavas.png' alt='icon'> Anvadhan <br> on June 28th (Tuesday)
169,Darsha Amavasya,<img class='dpTooltipImg' src='/images/festivals/60x60/amavasya.png' alt='icon'> Darsha Amavasya <br> on June 28th (Tuesday)
170,Ashadha Amavasya,<img class='dpTooltipImg' src='/images/festivals/60x60/amavasya.png' alt='icon'> Ashadha Amavasya <br> on June 28th (Tuesday)
171,Ishti,<img class='dpTooltipImg' src='/images/festivals/60x60/agni_nakshatram_begins.png' alt='icon'> Ishti <br> on June 29th (Wednesday)
172,Ashadha Navratri,<img class='dpTooltipImg' src='/images/festivals/60x60/chaitra_navratri.png' alt='icon'> Ashadha Navratri <br> on June 30th (Thursday)
173,Chandra Darshana,<img class='dpTooltipImg' src='/images/festivals/60x60/chandra_dev.png' alt='icon'> Chandra Darshana <br> on June 30th (Thursday)
174,Jagannath Rathyatra,<img class='dpTooltipImg' src='/images/festivals/60x60/jagannath_rathyatra.png' alt='icon'> Jagannath Rathyatra <br> on July 1st (Friday)
175,Hariyali Teej,<img class='dpTooltipImg' src='/images/festivals/60x60/hariyali_teej.png' alt='icon'> Hariyali Teej <br> on July 31st (Sunday)
176,Anvadhan,<img class='dpTooltipImg' src='/images/festivals/60x60/vrat_and_upavas.png' alt='icon'> Anvadhan <br> on June 28th (Tuesday)
177,Darsha Amavasya,<img class='dpTooltipImg' src='/images/festivals/60x60/amavasya.png' alt='icon'> Darsha Amavasya <br> on June 28th (Tuesday)
178,Ashadha Amavasya,<img class='dpTooltipImg' src='/images/festivals/60x60/amavasya.png' alt='icon'> Ashadha Amavasya <br> on June 28th (Tuesday)
179,Ishti,<img class='dpTooltipImg' src='/images/festivals/60x60/agni_nakshatram_begins.png' alt='icon'> Ishti <br> on June 29th (Wednesday)
180,Ashadha Navratri,<img class='dpTooltipImg' src='/images/festivals/60x60/chaitra_navratri.png' alt='icon'> Ashadha Navratri <br> on June 30th (Thursday)
181,Chandra Darshana,<img class='dpTooltipImg' src='/images/festivals/60x60/chandra_dev.png' alt='icon'> Chandra Darshana <br> on June 30th (Thursday)
182,Jagannath Rathyatra,<img class='dpTooltipImg' src='/images/festivals/60x60/jagannath_rathyatra.png' alt='icon'> Jagannath Rathyatra <br> on July 1st (Friday)
183,Devshayani Ekadashi,<img class='dpTooltipImg' src='/images/festivals/60x60/devshayani_ekadashi.png' alt='icon'> Devshayani Ekadashi <br> on July 10th (Sunday)
184,Pradosh Vrat,<img class='dpTooltipImg' src='/images/festivals/60x60/pradosh_vrat.png' alt='icon'> Pradosh Vrat <br> on July 11th (Monday)
185,Jayaparvati Vrat Begins,<img class='dpTooltipImg' src='/images/festivals/60x60/gauri_puja.png' alt='icon'> Jayaparvati Vrat Begins <br> on July 12th (Tuesday)
186,Anvadhan,<img class='dpTooltipImg' src='/images/festivals/60x60/vrat_and_upavas.png' alt='icon'> Anvadhan <br> on July 13th (Wednesday)
187,Vyasa Puja,<img class='dpTooltipImg' src='/images/festivals/60x60/guru_purnima.png' alt='icon'> Vyasa Puja <br> on July 13th (Wednesday)
188,Kokila Vrat,<img class='dpTooltipImg' src='/images/festivals/60x60/kokila_vrat_puja.png' alt='icon'> Kokila Vrat <br> on July 13th (Wednesday)
189,Guru Purnima,<img class='dpTooltipImg' src='/images/festivals/60x60/guru_purnima.png' alt='icon'> Guru Purnima <br> on July 13th (Wednesday)
190,Ashadha Purnima,<img class='dpTooltipImg' src='/images/festivals/60x60/purnima_full_moon.png' alt='icon'> Ashadha Purnima <br> on July 13th (Wednesday)
191,Ishti,<img class='dpTooltipImg' src='/images/festivals/60x60/agni_nakshatram_begins.png' alt='icon'> Ishti <br> on July 14th (Thursday)
192,Karka Sankranti,<img class='dpTooltipImg' src='/images/festivals/60x60/dakshinayana_sankranti.png' alt='icon'> Karka Sankranti <br> on July 16th (Saturday)
193,Jayaparvati Vrat Ends,<img class='dpTooltipImg' src='/images/festivals/60x60/gauri_puja.png' alt='icon'> Jayaparvati Vrat Ends <br> on July 16th (Saturday)
194,Gajanana Sankashti Chaturthi,<img class='dpTooltipImg' src='/images/festivals/60x60/gajanana_ganesha.png' alt='icon'> Gajanana Sankashti Chaturthi <br> on July 16th (Saturday)
195,Kamika Ekadashi,<img class='dpTooltipImg' src='/images/festivals/60x60/lord_vishnu_sleeping.png' alt='icon'> Kamika Ekadashi <br> on July 24th (Sunday)
196,Pradosh Vrat,<img class='dpTooltipImg' src='/images/festivals/60x60/pradosh_vrat.png' alt='icon'> Pradosh Vrat <br> on July 25th (Monday)
197,Anvadhan,<img class='dpTooltipImg' src='/images/festivals/60x60/vrat_and_upavas.png' alt='icon'> Anvadhan <br> on July 28th (Thursday)
198,Darsha Amavasya,<img class='dpTooltipImg' src='/images/festivals/60x60/amavasya.png' alt='icon'> Darsha Amavasya <br> on July 28th (Thursday)
199,Shravana Amavasya,<img class='dpTooltipImg' src='/images/festivals/60x60/amavasya.png' alt='icon'> Shravana Amavasya <br> on July 28th (Thursday)
200,Ishti,<img class='dpTooltipImg' src='/images/festivals/60x60/agni_nakshatram_begins.png' alt='icon'> Ishti <br> on July 29th (Friday)
201,Chandra Darshana,<img class='dpTooltipImg' src='/images/festivals/60x60/chandra_dev.png' alt='icon'> Chandra Darshana <br> on July 30th (Saturday)
202,Hariyali Teej,<img class='dpTooltipImg' src='/images/festivals/60x60/hariyali_teej.png' alt='icon'> Hariyali Teej <br> on July 31st (Sunday)
203,Nag Panchami,<img class='dpTooltipImg' src='/images/festivals/60x60/nag_panchami_puja.png' alt='icon'> Nag Panchami <br> on August 2nd (Tuesday)
204,Kalki Jayanti,<img class='dpTooltipImg' src='/images/festivals/60x60/kalki_jayanti.png' alt='icon'> Kalki Jayanti <br> on August 3rd (Wednesday)
205,Varalakshmi Vrat,<img class='dpTooltipImg' src='/images/festivals/60x60/varalakshmi.png' alt='icon'> Varalakshmi Vrat <br> on August 5th (Friday)
206,Shravana Putrada Ekadashi,<img class='dpTooltipImg' src='/images/festivals/60x60/lord_vishnu_sleeping.png' alt='icon'> Shravana Putrada Ekadashi <br> on August 8th (Monday)
207,Pradosh Vrat,<img class='dpTooltipImg' src='/images/festivals/60x60/pradosh_vrat.png' alt='icon'> Pradosh Vrat <br> on August 9th (Tuesday)
208,Rakhi,<img class='dpTooltipImg' src='/images/festivals/60x60/raksha_bandhan.png' alt='icon'> Rakhi <br> on August 11th (Thursday)
209,Anvadhan,<img class='dpTooltipImg' src='/images/festivals/60x60/vrat_and_upavas.png' alt='icon'> Anvadhan <br> on August 11th (Thursday)
210,Raksha Bandhan,<img class='dpTooltipImg' src='/images/festivals/60x60/raksha_bandhan.png' alt='icon'> Raksha Bandhan <br> on August 11th (Thursday)
211,Gayatri Jayanti,<img class='dpTooltipImg' src='/images/festivals/60x60/goddess_gayatri.png' alt='icon'> Gayatri Jayanti <br> on August 11th (Thursday)
212,Shravana Purnima,<img class='dpTooltipImg' src='/images/festivals/60x60/purnima_full_moon.png' alt='icon'> Shravana Purnima <br> on August 11th (Thursday)
213,Ishti,<img class='dpTooltipImg' src='/images/festivals/60x60/agni_nakshatram_begins.png' alt='icon'> Ishti <br> on August 12th (Friday)
214,Kajari Teej,<img class='dpTooltipImg' src='/images/festivals/60x60/kajari_teej.png' alt='icon'> Kajari Teej <br> on August 14th (Sunday)
215,Heramba Sankashti Chaturthi,<img class='dpTooltipImg' src='/images/festivals/60x60/sankashti_chaturthi.png' alt='icon'> Heramba Sankashti Chaturthi <br> on August 14th (Sunday)
216,Bahula Chaturthi,<img class='dpTooltipImg' src='/images/festivals/60x60/bol_choth.png' alt='icon'> Bahula Chaturthi <br> on August 15th (Monday)
217,Simha Sankranti,<img class='dpTooltipImg' src='/images/festivals/60x60/simha_sankranti.png' alt='icon'> Simha Sankranti <br> on August 17th (Wednesday)
218,Balarama Jayanti,<img class='dpTooltipImg' src='/images/festivals/60x60/lord_balarama.png' alt='icon'> Balarama Jayanti <br> on August 17th (Wednesday)
219,Janmashtami *Smarta,<img class='dpTooltipImg' src='/images/festivals/60x60/krishna_janmashtami.png' alt='icon'> Janmashtami *Smarta <br> on August 18th (Thursday)
220,Dahi Handi,<img class='dpTooltipImg' src='/images/festivals/60x60/dahi_handi.png' alt='icon'> Dahi Handi <br> on August 19th (Friday)
221,Janmashtami *ISKCON,<img class='dpTooltipImg' src='/images/festivals/60x60/krishna_janmashtami.png' alt='icon'> Janmashtami *ISKCON <br> on August 19th (Friday)
222,Aja Ekadashi,<img class='dpTooltipImg' src='/images/festivals/60x60/lord_vishnu_sleeping.png' alt='icon'> Aja Ekadashi <br> on August 22nd (Monday)
223,Vaishnava Aja Ekadashi,<img class='dpTooltipImg' src='/images/festivals/60x60/lord_vishnu_sleeping.png' alt='icon'> Vaishnava Aja Ekadashi <br> on August 23rd (Tuesday)
224,Pradosh Vrat,<img class='dpTooltipImg' src='/images/festivals/60x60/pradosh_vrat.png' alt='icon'> Pradosh Vrat <br> on August 24th (Wednesday)
225,Anvadhan,<img class='dpTooltipImg' src='/images/festivals/60x60/vrat_and_upavas.png' alt='icon'> Anvadhan <br> on August 26th (Friday)
226,Darsha Amavasya,<img class='dpTooltipImg' src='/images/festivals/60x60/amavasya.png' alt='icon'> Darsha Amavasya <br> on August 26th (Friday)
227,Pithori Amavasya,<img class='dpTooltipImg' src='/images/festivals/60x60/amavasya.png' alt='icon'> Pithori Amavasya <br> on August 26th (Friday)
228,Ishti,<img class='dpTooltipImg' src='/images/festivals/60x60/agni_nakshatram_begins.png' alt='icon'> Ishti <br> on August 27th (Saturday)
229,Bhadrapada Amavasya,<img class='dpTooltipImg' src='/images/festivals/60x60/amavasya.png' alt='icon'> Bhadrapada Amavasya <br> on August 27th (Saturday)
230,Varaha Jayanti,<img class='dpTooltipImg' src='/images/festivals/60x60/varaha_jayanti.png' alt='icon'> Varaha Jayanti <br> on August 29th (Monday)
231,Chandra Darshana,<img class='dpTooltipImg' src='/images/festivals/60x60/chandra_dev.png' alt='icon'> Chandra Darshana <br> on August 29th (Monday)
232,Hartalika Teej,<img class='dpTooltipImg' src='/images/festivals/60x60/hartalika_teej.png' alt='icon'> Hartalika Teej <br> on August 30th (Tuesday)
233,Rishi Panchami,<img class='dpTooltipImg' src='/images/festivals/60x60/saptarishi.png' alt='icon'> Rishi Panchami <br> on August 31st (Wednesday)
234,Ganesh Chaturthi,<img class='dpTooltipImg' src='/images/festivals/60x60/ganesha_chaturthi_puja.png' alt='icon'> Ganesh Chaturthi <br> on August 31st (Wednesday)
235,Durva Ashtami,<img class='dpTooltipImg' src='/images/festivals/60x60/durva_ashtami.png' alt='icon'> Durva Ashtami <br> on September 3rd (Saturday)
236,Mahalakshmi Vrat Begins,<img class='dpTooltipImg' src='/images/festivals/60x60/mahalakshmi_vrat.png' alt='icon'> Mahalakshmi Vrat Begins <br> on September 3rd (Saturday)
237,Varaha Jayanti,<img class='dpTooltipImg' src='/images/festivals/60x60/varaha_jayanti.png' alt='icon'> Varaha Jayanti <br> on August 29th (Monday)
238,Chandra Darshana,<img class='dpTooltipImg' src='/images/festivals/60x60/chandra_dev.png' alt='icon'> Chandra Darshana <br> on August 29th (Monday)
239,Hartalika Teej,<img class='dpTooltipImg' src='/images/festivals/60x60/hartalika_teej.png' alt='icon'> Hartalika Teej <br> on August 30th (Tuesday)
240,Rishi Panchami,<img class='dpTooltipImg' src='/images/festivals/60x60/saptarishi.png' alt='icon'> Rishi Panchami <br> on August 31st (Wednesday)
241,Ganesh Chaturthi,<img class='dpTooltipImg' src='/images/festivals/60x60/ganesha_chaturthi_puja.png' alt='icon'> Ganesh Chaturthi <br> on August 31st (Wednesday)
242,Durva Ashtami,<img class='dpTooltipImg' src='/images/festivals/60x60/durva_ashtami.png' alt='icon'> Durva Ashtami <br> on September 3rd (Saturday)
243,Mahalakshmi Vrat Begins,<img class='dpTooltipImg' src='/images/festivals/60x60/mahalakshmi_vrat.png' alt='icon'> Mahalakshmi Vrat Begins <br> on September 3rd (Saturday)
244,Radha Ashtami,<img class='dpTooltipImg' src='/images/festivals/60x60/radha_ashtami.png' alt='icon'> Radha Ashtami <br> on September 4th (Sunday)
245,Parsva Ekadashi,<img class='dpTooltipImg' src='/images/festivals/60x60/parivartini_ekadashi.png' alt='icon'> Parsva Ekadashi <br> on September 6th (Tuesday)
246,Vamana Jayanti,<img class='dpTooltipImg' src='/images/festivals/60x60/vamana_jayanti.png' alt='icon'> Vamana Jayanti <br> on September 7th (Wednesday)
247,Pradosh Vrat,<img class='dpTooltipImg' src='/images/festivals/60x60/pradosh_vrat.png' alt='icon'> Pradosh Vrat <br> on September 8th (Thursday)
248,Anvadhan,<img class='dpTooltipImg' src='/images/festivals/60x60/vrat_and_upavas.png' alt='icon'> Anvadhan <br> on September 9th (Friday)
249,Ganesh Visarjan,<img class='dpTooltipImg' src='/images/festivals/60x60/ganesh_visarjan.png' alt='icon'> Ganesh Visarjan <br> on September 9th (Friday)
250,Purnima Shraddha,<img class='dpTooltipImg' src='/images/festivals/60x60/pitru_paksha.png' alt='icon'> Purnima Shraddha <br> on September 9th (Friday)
251,Anant Chaturdashi,<img class='dpTooltipImg' src='/images/festivals/60x60/lord_vishnu.png' alt='icon'> Anant Chaturdashi <br> on September 9th (Friday)
252,Ishti,<img class='dpTooltipImg' src='/images/festivals/60x60/agni_nakshatram_begins.png' alt='icon'> Ishti <br> on September 10th (Saturday)
253,Pitrupaksha Begins,<img class='dpTooltipImg' src='/images/festivals/60x60/pratipada_shraddha.png' alt='icon'> Pitrupaksha Begins <br> on September 10th (Saturday)
254,Bhadrapada Purnima,<img class='dpTooltipImg' src='/images/festivals/60x60/purnima_full_moon.png' alt='icon'> Bhadrapada Purnima <br> on September 10th (Saturday)
255,Vighnaraja Sankashti Chaturthi,<img class='dpTooltipImg' src='/images/festivals/60x60/vighnaraja_ganesha.png' alt='icon'> Vighnaraja Sankashti Chaturthi <br> on September 13th (Tuesday)
256,Kanya Sankranti,<img class='dpTooltipImg' src='/images/festivals/60x60/kanya_sankranti.png' alt='icon'> Kanya Sankranti <br> on September 17th (Saturday)
257,Vishwakarma Puja,<img class='dpTooltipImg' src='/images/festivals/60x60/vishwakarma_puja.png' alt='icon'> Vishwakarma Puja <br> on September 17th (Saturday)
258,Mahalakshmi Vrat Ends,<img class='dpTooltipImg' src='/images/festivals/60x60/mahalakshmi_vrat.png' alt='icon'> Mahalakshmi Vrat Ends <br> on September 17th (Saturday)
259,Jivitputrika Vrat,<img class='dpTooltipImg' src='/images/festivals/60x60/jivitputrika_vrat.png' alt='icon'> Jivitputrika Vrat <br> on September 18th (Sunday)
260,Indira Ekadashi,<img class='dpTooltipImg' src='/images/festivals/60x60/parivartini_ekadashi.png' alt='icon'> Indira Ekadashi <br> on September 21st (Wednesday)
261,Pradosh Vrat,<img class='dpTooltipImg' src='/images/festivals/60x60/pradosh_vrat.png' alt='icon'> Pradosh Vrat <br> on September 23rd (Friday)
262,Anvadhan,<img class='dpTooltipImg' src='/images/festivals/60x60/vrat_and_upavas.png' alt='icon'> Anvadhan <br> on September 25th (Sunday)
263,Darsha Amavasya,<img class='dpTooltipImg' src='/images/festivals/60x60/amavasya.png' alt='icon'> Darsha Amavasya <br> on September 25th (Sunday)
264,Ashwina Amavasya,<img class='dpTooltipImg' src='/images/festivals/60x60/amavasya.png' alt='icon'> Ashwina Amavasya <br> on September 25th (Sunday)
265,Sarva Pitru Amavasya,<img class='dpTooltipImg' src='/images/festivals/60x60/sarvapitru_amavasya.png' alt='icon'> Sarva Pitru Amavasya <br> on September 25th (Sunday)
266,Ishti,<img class='dpTooltipImg' src='/images/festivals/60x60/agni_nakshatram_begins.png' alt='icon'> Ishti <br> on September 26th (Monday)
267,Ghatasthapana,<img class='dpTooltipImg' src='/images/festivals/60x60/chaitra_navratri.png' alt='icon'> Ghatasthapana <br> on September 26th (Monday)
268,Navratri Begins,<img class='dpTooltipImg' src='/images/festivals/60x60/navratri_started.png' alt='icon'> Navratri Begins <br> on September 26th (Monday)
269,Chandra Darshana,<img class='dpTooltipImg' src='/images/festivals/60x60/chandra_dev.png' alt='icon'> Chandra Darshana <br> on September 27th (Tuesday)
270,Upang Lalita Vrat,<img class='dpTooltipImg' src='/images/festivals/60x60/goddess_lalita.png' alt='icon'> Upang Lalita Vrat <br> on September 30th (Friday)
271,Chhath Puja,<img class='dpTooltipImg' src='/images/festivals/60x60/chhath_puja_arghya.png' alt='icon'> Chhath Puja <br> on October 30th (Sunday)
272,Chandra Darshana,<img class='dpTooltipImg' src='/images/festivals/60x60/chandra_dev.png' alt='icon'> Chandra Darshana <br> on September 27th (Tuesday)
273,Upang Lalita Vrat,<img class='dpTooltipImg' src='/images/festivals/60x60/goddess_lalita.png' alt='icon'> Upang Lalita Vrat <br> on September 30th (Friday)
274,Saraswati Avahan,<img class='dpTooltipImg' src='/images/festivals/60x60/saraswati_avahan_2.png' alt='icon'> Saraswati Avahan <br> on October 2nd (Sunday)
275,Maha Navami,<img class='dpTooltipImg' src='/images/festivals/60x60/maha_navami.png' alt='icon'> Maha Navami <br> on October 3rd (Monday)
276,Durga Ashtami,<img class='dpTooltipImg' src='/images/festivals/60x60/durga_ashtami_puja.png' alt='icon'> Durga Ashtami <br> on October 3rd (Monday)
277,Saraswati Puja,<img class='dpTooltipImg' src='/images/festivals/60x60/saraswati_puja.png' alt='icon'> Saraswati Puja <br> on October 3rd (Monday)
278,Saraswati Visarjan,<img class='dpTooltipImg' src='/images/festivals/60x60/saraswati_visarjan.png' alt='icon'> Saraswati Visarjan <br> on October 4th (Tuesday)
279,Dussehra,<img class='dpTooltipImg' src='/images/festivals/60x60/vijayadashami.png' alt='icon'> Dussehra <br> on October 5th (Wednesday)
280,Durga Visarjan,<img class='dpTooltipImg' src='/images/festivals/60x60/durga_visarjan.png' alt='icon'> Durga Visarjan <br> on October 5th (Wednesday)
281,Papankusha Ekadashi,<img class='dpTooltipImg' src='/images/festivals/60x60/parivartini_ekadashi.png' alt='icon'> Papankusha Ekadashi <br> on October 5th (Wednesday)
282,Gauna Papankusha Ekadashi,<img class='dpTooltipImg' src='/images/festivals/60x60/parivartini_ekadashi.png' alt='icon'> Gauna Papankusha Ekadashi <br> on October 6th (Thursday)
283,Vaishnava Papankusha Ekadashi,<img class='dpTooltipImg' src='/images/festivals/60x60/parivartini_ekadashi.png' alt='icon'> Vaishnava Papankusha Ekadashi <br> on October 6th (Thursday)
284,Pradosh Vrat,<img class='dpTooltipImg' src='/images/festivals/60x60/pradosh_vrat.png' alt='icon'> Pradosh Vrat <br> on October 7th (Friday)
285,Anvadhan,<img class='dpTooltipImg' src='/images/festivals/60x60/vrat_and_upavas.png' alt='icon'> Anvadhan <br> on October 9th (Sunday)
286,Kojagara Puja,<img class='dpTooltipImg' src='/images/festivals/60x60/goddess_lakshmi.png' alt='icon'> Kojagara Puja <br> on October 9th (Sunday)
287,Sharad Purnima,<img class='dpTooltipImg' src='/images/festivals/60x60/sharad_purnima_maha_raas.png' alt='icon'> Sharad Purnima <br> on October 9th (Sunday)
288,Ashwina Purnima,<img class='dpTooltipImg' src='/images/festivals/60x60/purnima_full_moon.png' alt='icon'> Ashwina Purnima <br> on October 9th (Sunday)
289,Ishti,<img class='dpTooltipImg' src='/images/festivals/60x60/agni_nakshatram_begins.png' alt='icon'> Ishti <br> on October 10th (Monday)
290,Karwa Chauth,<img class='dpTooltipImg' src='/images/festivals/60x60/karwa_chauth.png' alt='icon'> Karwa Chauth <br> on October 13th (Thursday)
291,Vakratunda Sankashti Chaturthi,<img class='dpTooltipImg' src='/images/festivals/60x60/vakratunda_ganesha.png' alt='icon'> Vakratunda Sankashti Chaturthi <br> on October 13th (Thursday)
292,Ahoi Ashtami,<img class='dpTooltipImg' src='/images/festivals/60x60/ahoi_ashtami.png' alt='icon'> Ahoi Ashtami <br> on October 17th (Monday)
293,Tula Sankranti,<img class='dpTooltipImg' src='/images/festivals/60x60/tula_sankranti.png' alt='icon'> Tula Sankranti <br> on October 17th (Monday)
294,Radha Kunda Snan,<img class='dpTooltipImg' src='/images/festivals/60x60/radha_kunda_snan.png' alt='icon'> Radha Kunda Snan <br> on October 17th (Monday)
295,Rama Ekadashi,<img class='dpTooltipImg' src='/images/festivals/60x60/parivartini_ekadashi.png' alt='icon'> Rama Ekadashi <br> on October 21st (Friday)
296,Govatsa Dwadashi,<img class='dpTooltipImg' src='/images/festivals/60x60/govatsa_dwadashi.png' alt='icon'> Govatsa Dwadashi <br> on October 21st (Friday)
297,Dhanteras,<img class='dpTooltipImg' src='/images/festivals/60x60/dhanteras_lakshmi_puja.png' alt='icon'> Dhanteras <br> on October 22nd (Saturday)
298,Pradosh Vrat,<img class='dpTooltipImg' src='/images/festivals/60x60/pradosh_vrat.png' alt='icon'> Pradosh Vrat <br> on October 22nd (Saturday)
299,Kali Chaudas,<img class='dpTooltipImg' src='/images/festivals/60x60/goddess_kalaratri.png' alt='icon'> Kali Chaudas <br> on October 23rd (Sunday)
300,Diwali,<img class='dpTooltipImg' src='/images/festivals/60x60/diwali_puja.png' alt='icon'> Diwali <br> on October 24th (Monday)
301,Lakshmi Puja,<img class='dpTooltipImg' src='/images/festivals/60x60/diwali_puja.png' alt='icon'> Lakshmi Puja <br> on October 24th (Monday)
302,Narak Chaturdashi,<img class='dpTooltipImg' src='/images/festivals/60x60/narak_chaturdashi.png' alt='icon'> Narak Chaturdashi <br> on October 24th (Monday)
303,Anvadhan,<img class='dpTooltipImg' src='/images/festivals/60x60/vrat_and_upavas.png' alt='icon'> Anvadhan <br> on October 25th (Tuesday)
304,Govardhan Puja,<img class='dpTooltipImg' src='/images/festivals/60x60/gowardhan_puja_2.png' alt='icon'> Govardhan Puja <br> on October 25th (Tuesday)
305,Darsha Amavasya,<img class='dpTooltipImg' src='/images/festivals/60x60/amavasya.png' alt='icon'> Darsha Amavasya <br> on October 25th (Tuesday)
306,Kartika Amavasya,<img class='dpTooltipImg' src='/images/festivals/60x60/amavasya.png' alt='icon'> Kartika Amavasya <br> on October 25th (Tuesday)
307,Surya Grahan *Anshika,<img class='dpTooltipImg' src='/images/festivals/60x60/surya_grahan.png' alt='icon'> Surya Grahan *Anshika <br> on October 25th (Tuesday)
308,Ishti,<img class='dpTooltipImg' src='/images/festivals/60x60/agni_nakshatram_begins.png' alt='icon'> Ishti <br> on October 26th (Wednesday)
309,Dyuta Krida,<img class='dpTooltipImg' src='/images/festivals/60x60/dyuta_krida.png' alt='icon'> Dyuta Krida <br> on October 26th (Wednesday)
310,Bhaiya Dooj,<img class='dpTooltipImg' src='/images/festivals/60x60/bhaiya_dooj_tilak.png' alt='icon'> Bhaiya Dooj <br> on October 26th (Wednesday)
311,Chandra Darshana,<img class='dpTooltipImg' src='/images/festivals/60x60/chandra_dev.png' alt='icon'> Chandra Darshana <br> on October 27th (Thursday)
312,Labh Panchami,<img class='dpTooltipImg' src='/images/festivals/60x60/gujarati_newyear.png' alt='icon'> Labh Panchami <br> on October 29th (Saturday)
313,Chhath Puja,<img class='dpTooltipImg' src='/images/festivals/60x60/chhath_puja_arghya.png' alt='icon'> Chhath Puja <br> on October 30th (Sunday)
314,Gopashtami,<img class='dpTooltipImg' src='/images/festivals/60x60/gopashtami.png' alt='icon'> Gopashtami <br> on November 1st (Tuesday)
315,Akshaya Navami,<img class='dpTooltipImg' src='/images/festivals/60x60/akshaya_navami_puja.png' alt='icon'> Akshaya Navami <br> on November 2nd (Wednesday)
316,Kansa Vadh,<img class='dpTooltipImg' src='/images/festivals/60x60/kansa_vadh.png' alt='icon'> Kansa Vadh <br> on November 3rd (Thursday)
317,Devutthana Ekadashi,<img class='dpTooltipImg' src='/images/festivals/60x60/prabodhini_ekadashi.png' alt='icon'> Devutthana Ekadashi <br> on November 4th (Friday)
318,Tulasi Vivah,<img class='dpTooltipImg' src='/images/festivals/60x60/tulasi_vivah.png' alt='icon'> Tulasi Vivah <br> on November 5th (Saturday)
319,Pradosh Vrat,<img class='dpTooltipImg' src='/images/festivals/60x60/pradosh_vrat.png' alt='icon'> Pradosh Vrat <br> on November 5th (Saturday)
320,Vaikuntha Chaturdashi,<img class='dpTooltipImg' src='/images/festivals/60x60/lord_vishnu_shiva_puja.png' alt='icon'> Vaikuntha Chaturdashi <br> on November 6th (Sunday)
321,Dev Diwali,<img class='dpTooltipImg' src='/images/festivals/60x60/dev_diwali.png' alt='icon'> Dev Diwali <br> on November 7th (Monday)
322,Anvadhan,<img class='dpTooltipImg' src='/images/festivals/60x60/vrat_and_upavas.png' alt='icon'> Anvadhan <br> on November 8th (Tuesday)
323,Kartika Purnima,<img class='dpTooltipImg' src='/images/festivals/60x60/purnima_full_moon.png' alt='icon'> Kartika Purnima <br> on November 8th (Tuesday)
324,Chandra Grahan *Purna,<img class='dpTooltipImg' src='/images/festivals/60x60/chandra_grahan.png' alt='icon'> Chandra Grahan *Purna <br> on November 8th (Tuesday)
325,Ishti,<img class='dpTooltipImg' src='/images/festivals/60x60/agni_nakshatram_begins.png' alt='icon'> Ishti <br> on November 9th (Wednesday)
326,Ganadhipa Sankashti Chaturthi,<img class='dpTooltipImg' src='/images/festivals/60x60/sankashti_chaturthi.png' alt='icon'> Ganadhipa Sankashti Chaturthi <br> on November 12th (Saturday)
327,Kalabhairav Jayanti,<img class='dpTooltipImg' src='/images/festivals/60x60/kalabhairav_jayanti.png' alt='icon'> Kalabhairav Jayanti <br> on November 16th (Wednesday)
328,Vrishchika Sankranti,<img class='dpTooltipImg' src='/images/festivals/60x60/vrischika_sankranti.png' alt='icon'> Vrishchika Sankranti <br> on November 16th (Wednesday)
329,Utpanna Ekadashi,<img class='dpTooltipImg' src='/images/festivals/60x60/utpanna_ekadashi.png' alt='icon'> Utpanna Ekadashi <br> on November 19th (Saturday)
330,Vaishnava Utpanna Ekadashi,<img class='dpTooltipImg' src='/images/festivals/60x60/utpanna_ekadashi.png' alt='icon'> Vaishnava Utpanna Ekadashi <br> on November 20th (Sunday)
331,Pradosh Vrat,<img class='dpTooltipImg' src='/images/festivals/60x60/pradosh_vrat.png' alt='icon'> Pradosh Vrat <br> on November 21st (Monday)
332,Anvadhan,<img class='dpTooltipImg' src='/images/festivals/60x60/vrat_and_upavas.png' alt='icon'> Anvadhan <br> on November 23rd (Wednesday)
333,Darsha Amavasya,<img class='dpTooltipImg' src='/images/festivals/60x60/amavasya.png' alt='icon'> Darsha Amavasya <br> on November 23rd (Wednesday)
334,Margashirsha Amavasya,<img class='dpTooltipImg' src='/images/festivals/60x60/amavasya.png' alt='icon'> Margashirsha Amavasya <br> on November 23rd (Wednesday)
335,Ishti,<img class='dpTooltipImg' src='/images/festivals/60x60/agni_nakshatram_begins.png' alt='icon'> Ishti <br> on November 24th (Thursday)
336,Chandra Darshana,<img class='dpTooltipImg' src='/images/festivals/60x60/chandra_dev.png' alt='icon'> Chandra Darshana <br> on November 25th (Friday)
337,Vivah Panchami,<img class='dpTooltipImg' src='/images/festivals/60x60/vivah_panchami.png' alt='icon'> Vivah Panchami <br> on November 28th (Monday)
338,Champa Shashthi,<img class='dpTooltipImg' src='/images/festivals/60x60/nataraj.png' alt='icon'> Champa Shashthi <br> on November 28th (Monday)
339,Gita Jayanti,<img class='dpTooltipImg' src='/images/festivals/60x60/gita_jayanti.png' alt='icon'> Gita Jayanti <br> on December 3rd (Saturday)
340,Mokshada Ekadashi,<img class='dpTooltipImg' src='/images/festivals/60x60/lord_vishnu_with_goddess_lakshmi.png' alt='icon'> Mokshada Ekadashi <br> on December 3rd (Saturday)
341,Vivah Panchami,<img class='dpTooltipImg' src='/images/festivals/60x60/vivah_panchami.png' alt='icon'> Vivah Panchami <br> on November 28th (Monday)
342,Champa Shashthi,<img class='dpTooltipImg' src='/images/festivals/60x60/nataraj.png' alt='icon'> Champa Shashthi <br> on November 28th (Monday)
343,Gita Jayanti,<img class='dpTooltipImg' src='/images/festivals/60x60/gita_jayanti.png' alt='icon'> Gita Jayanti <br> on December 3rd (Saturday)
344,Mokshada Ekadashi,<img class='dpTooltipImg' src='/images/festivals/60x60/lord_vishnu_with_goddess_lakshmi.png' alt='icon'> Mokshada Ekadashi <br> on December 3rd (Saturday)
345,Pradosh Vrat,<img class='dpTooltipImg' src='/images/festivals/60x60/pradosh_vrat.png' alt='icon'> Pradosh Vrat <br> on December 5th (Monday)
346,Anvadhan,<img class='dpTooltipImg' src='/images/festivals/60x60/vrat_and_upavas.png' alt='icon'> Anvadhan <br> on December 7th (Wednesday)
347,Dattatreya Jayanti,<img class='dpTooltipImg' src='/images/festivals/60x60/dattatreya_jayanti.png' alt='icon'> Dattatreya Jayanti <br> on December 7th (Wednesday)
348,Margashirsha Purnima,<img class='dpTooltipImg' src='/images/festivals/60x60/purnima_full_moon.png' alt='icon'> Margashirsha Purnima <br> on December 7th (Wednesday)
349,Ishti,<img class='dpTooltipImg' src='/images/festivals/60x60/agni_nakshatram_begins.png' alt='icon'> Ishti <br> on December 8th (Thursday)
350,Akhuratha Sankashti Chaturthi,<img class='dpTooltipImg' src='/images/festivals/60x60/sankashti_chaturthi.png' alt='icon'> Akhuratha Sankashti Chaturthi <br> on December 11th (Sunday)
351,Dhanu Sankranti,<img class='dpTooltipImg' src='/images/festivals/60x60/dhanu_sankranti.png' alt='icon'> Dhanu Sankranti <br> on December 16th (Friday)
352,Saphala Ekadashi,<img class='dpTooltipImg' src='/images/festivals/60x60/lord_vishnu_with_goddess_lakshmi.png' alt='icon'> Saphala Ekadashi <br> on December 19th (Monday)
353,Pradosh Vrat,<img class='dpTooltipImg' src='/images/festivals/60x60/pradosh_vrat.png' alt='icon'> Pradosh Vrat <br> on December 21st (Wednesday)
354,Anvadhan,<img class='dpTooltipImg' src='/images/festivals/60x60/vrat_and_upavas.png' alt='icon'> Anvadhan <br> on December 22nd (Thursday)
355,Ishti,<img class='dpTooltipImg' src='/images/festivals/60x60/agni_nakshatram_begins.png' alt='icon'> Ishti <br> on December 23rd (Friday)
356,Darsha Amavasya,<img class='dpTooltipImg' src='/images/festivals/60x60/amavasya.png' alt='icon'> Darsha Amavasya <br> on December 23rd (Friday)
357,Pausha Amavasya,<img class='dpTooltipImg' src='/images/festivals/60x60/amavasya.png' alt='icon'> Pausha Amavasya <br> on December 23rd (Friday)
358,Chandra Darshana,<img class='dpTooltipImg' src='/images/festivals/60x60/chandra_dev.png' alt='icon'> Chandra Darshana <br> on December 25th (Sunday)
