,item_sunrise,item_day
0,08:59,/panchang/month-panchang.html?date=31/12/2023
1,08:59,/panchang/month-panchang.html?date=01/01/2024
2,08:59,/panchang/month-panchang.html?date=02/01/2024
3,08:59,/panchang/month-panchang.html?date=03/01/2024
4,08:58,/panchang/month-panchang.html?date=04/01/2024
5,08:58,/panchang/month-panchang.html?date=05/01/2024
6,08:57,/panchang/month-panchang.html?date=06/01/2024
7,08:57,/panchang/month-panchang.html?date=07/01/2024
8,08:56,/panchang/month-panchang.html?date=08/01/2024
9,08:56,/panchang/month-panchang.html?date=09/01/2024
10,08:55,/panchang/month-panchang.html?date=10/01/2024
11,08:54,/panchang/month-panchang.html?date=11/01/2024
12,08:53,/panchang/month-panchang.html?date=12/01/2024
13,08:52,/panchang/month-panchang.html?date=13/01/2024
14,08:51,/panchang/month-panchang.html?date=14/01/2024
15,08:50,/panchang/month-panchang.html?date=15/01/2024
16,08:49,/panchang/month-panchang.html?date=16/01/2024
17,08:48,/panchang/month-panchang.html?date=17/01/2024
18,08:47,/panchang/month-panchang.html?date=18/01/2024
19,08:45,/panchang/month-panchang.html?date=19/01/2024
20,08:44,/panchang/month-panchang.html?date=20/01/2024
21,08:43,/panchang/month-panchang.html?date=21/01/2024
22,08:41,/panchang/month-panchang.html?date=22/01/2024
23,08:40,/panchang/month-panchang.html?date=23/01/2024
24,08:38,/panchang/month-panchang.html?date=24/01/2024
25,08:37,/panchang/month-panchang.html?date=25/01/2024
26,08:35,/panchang/month-panchang.html?date=26/01/2024
27,08:33,/panchang/month-panchang.html?date=27/01/2024
28,08:32,/panchang/month-panchang.html?date=28/01/2024
29,08:30,/panchang/month-panchang.html?date=29/01/2024
30,08:28,/panchang/month-panchang.html?date=30/01/2024
31,08:26,/panchang/month-panchang.html?date=31/01/2024
32,08:25,/panchang/month-panchang.html?date=01/02/2024
33,08:23,/panchang/month-panchang.html?date=02/02/2024
34,08:21,/panchang/month-panchang.html?date=03/02/2024
35,08:32,/panchang/month-panchang.html?date=28/01/2024
36,08:30,/panchang/month-panchang.html?date=29/01/2024
37,08:28,/panchang/month-panchang.html?date=30/01/2024
38,08:26,/panchang/month-panchang.html?date=31/01/2024
39,08:25,/panchang/month-panchang.html?date=01/02/2024
40,08:23,/panchang/month-panchang.html?date=02/02/2024
41,08:21,/panchang/month-panchang.html?date=03/02/2024
42,08:19,/panchang/month-panchang.html?date=04/02/2024
43,08:17,/panchang/month-panchang.html?date=05/02/2024
44,08:15,/panchang/month-panchang.html?date=06/02/2024
45,08:13,/panchang/month-panchang.html?date=07/02/2024
46,08:11,/panchang/month-panchang.html?date=08/02/2024
47,08:09,/panchang/month-panchang.html?date=09/02/2024
48,08:07,/panchang/month-panchang.html?date=10/02/2024
49,08:04,/panchang/month-panchang.html?date=11/02/2024
50,08:02,/panchang/month-panchang.html?date=12/02/2024
51,08:00,/panchang/month-panchang.html?date=13/02/2024
52,07:58,/panchang/month-panchang.html?date=14/02/2024
53,07:56,/panchang/month-panchang.html?date=15/02/2024
54,07:53,/panchang/month-panchang.html?date=16/02/2024
55,07:51,/panchang/month-panchang.html?date=17/02/2024
56,07:49,/panchang/month-panchang.html?date=18/02/2024
57,07:46,/panchang/month-panchang.html?date=19/02/2024
58,07:44,/panchang/month-panchang.html?date=20/02/2024
59,07:42,/panchang/month-panchang.html?date=21/02/2024
60,07:39,/panchang/month-panchang.html?date=22/02/2024
61,07:37,/panchang/month-panchang.html?date=23/02/2024
62,07:35,/panchang/month-panchang.html?date=24/02/2024
63,07:32,/panchang/month-panchang.html?date=25/02/2024
64,07:30,/panchang/month-panchang.html?date=26/02/2024
65,07:27,/panchang/month-panchang.html?date=27/02/2024
66,07:25,/panchang/month-panchang.html?date=28/02/2024
67,07:22,/panchang/month-panchang.html?date=29/02/2024
68,07:20,/panchang/month-panchang.html?date=01/03/2024
69,07:17,/panchang/month-panchang.html?date=02/03/2024
70,06:02,/panchang/month-panchang.html?date=31/03/2024
71,07:30,/panchang/month-panchang.html?date=26/02/2024
72,07:27,/panchang/month-panchang.html?date=27/02/2024
73,07:25,/panchang/month-panchang.html?date=28/02/2024
74,07:22,/panchang/month-panchang.html?date=29/02/2024
75,07:20,/panchang/month-panchang.html?date=01/03/2024
76,07:17,/panchang/month-panchang.html?date=02/03/2024
77,07:15,/panchang/month-panchang.html?date=03/03/2024
78,07:12,/panchang/month-panchang.html?date=04/03/2024
79,07:10,/panchang/month-panchang.html?date=05/03/2024
80,07:07,/panchang/month-panchang.html?date=06/03/2024
81,07:05,/panchang/month-panchang.html?date=07/03/2024
82,07:02,/panchang/month-panchang.html?date=08/03/2024
83,07:00,/panchang/month-panchang.html?date=09/03/2024
84,06:57,/panchang/month-panchang.html?date=10/03/2024
85,06:54,/panchang/month-panchang.html?date=11/03/2024
86,06:52,/panchang/month-panchang.html?date=12/03/2024
87,06:49,/panchang/month-panchang.html?date=13/03/2024
88,06:47,/panchang/month-panchang.html?date=14/03/2024
89,06:44,/panchang/month-panchang.html?date=15/03/2024
90,06:41,/panchang/month-panchang.html?date=16/03/2024
91,06:39,/panchang/month-panchang.html?date=17/03/2024
92,06:36,/panchang/month-panchang.html?date=18/03/2024
93,06:34,/panchang/month-panchang.html?date=19/03/2024
94,06:31,/panchang/month-panchang.html?date=20/03/2024
95,06:28,/panchang/month-panchang.html?date=21/03/2024
96,06:26,/panchang/month-panchang.html?date=22/03/2024
97,06:23,/panchang/month-panchang.html?date=23/03/2024
98,06:20,/panchang/month-panchang.html?date=24/03/2024
99,06:18,/panchang/month-panchang.html?date=25/03/2024
100,06:15,/panchang/month-panchang.html?date=26/03/2024
101,06:13,/panchang/month-panchang.html?date=27/03/2024
102,06:10,/panchang/month-panchang.html?date=28/03/2024
103,06:07,/panchang/month-panchang.html?date=29/03/2024
104,06:05,/panchang/month-panchang.html?date=30/03/2024
105,06:02,/panchang/month-panchang.html?date=31/03/2024
106,06:00,/panchang/month-panchang.html?date=01/04/2024
107,05:57,/panchang/month-panchang.html?date=02/04/2024
108,05:54,/panchang/month-panchang.html?date=03/04/2024
109,05:52,/panchang/month-panchang.html?date=04/04/2024
110,05:49,/panchang/month-panchang.html?date=05/04/2024
111,05:47,/panchang/month-panchang.html?date=06/04/2024
112,05:44,/panchang/month-panchang.html?date=07/04/2024
113,05:42,/panchang/month-panchang.html?date=08/04/2024
114,05:39,/panchang/month-panchang.html?date=09/04/2024
115,05:36,/panchang/month-panchang.html?date=10/04/2024
116,05:34,/panchang/month-panchang.html?date=11/04/2024
117,05:31,/panchang/month-panchang.html?date=12/04/2024
118,05:29,/panchang/month-panchang.html?date=13/04/2024
119,05:26,/panchang/month-panchang.html?date=14/04/2024
120,05:24,/panchang/month-panchang.html?date=15/04/2024
121,05:21,/panchang/month-panchang.html?date=16/04/2024
122,05:19,/panchang/month-panchang.html?date=17/04/2024
123,05:16,/panchang/month-panchang.html?date=18/04/2024
124,05:14,/panchang/month-panchang.html?date=19/04/2024
125,05:12,/panchang/month-panchang.html?date=20/04/2024
126,05:09,/panchang/month-panchang.html?date=21/04/2024
127,05:07,/panchang/month-panchang.html?date=22/04/2024
128,05:04,/panchang/month-panchang.html?date=23/04/2024
129,05:02,/panchang/month-panchang.html?date=24/04/2024
130,05:00,/panchang/month-panchang.html?date=25/04/2024
131,04:57,/panchang/month-panchang.html?date=26/04/2024
132,04:55,/panchang/month-panchang.html?date=27/04/2024
133,04:53,/panchang/month-panchang.html?date=28/04/2024
134,04:50,/panchang/month-panchang.html?date=29/04/2024
135,04:48,/panchang/month-panchang.html?date=30/04/2024
136,04:46,/panchang/month-panchang.html?date=01/05/2024
137,04:44,/panchang/month-panchang.html?date=02/05/2024
138,04:42,/panchang/month-panchang.html?date=03/05/2024
139,04:39,/panchang/month-panchang.html?date=04/05/2024
140,04:53,/panchang/month-panchang.html?date=28/04/2024
141,04:50,/panchang/month-panchang.html?date=29/04/2024
142,04:48,/panchang/month-panchang.html?date=30/04/2024
143,04:46,/panchang/month-panchang.html?date=01/05/2024
144,04:44,/panchang/month-panchang.html?date=02/05/2024
145,04:42,/panchang/month-panchang.html?date=03/05/2024
146,04:39,/panchang/month-panchang.html?date=04/05/2024
147,04:37,/panchang/month-panchang.html?date=05/05/2024
148,04:35,/panchang/month-panchang.html?date=06/05/2024
149,04:33,/panchang/month-panchang.html?date=07/05/2024
150,04:31,/panchang/month-panchang.html?date=08/05/2024
151,04:29,/panchang/month-panchang.html?date=09/05/2024
152,04:27,/panchang/month-panchang.html?date=10/05/2024
153,04:25,/panchang/month-panchang.html?date=11/05/2024
154,04:23,/panchang/month-panchang.html?date=12/05/2024
155,04:21,/panchang/month-panchang.html?date=13/05/2024
156,04:19,/panchang/month-panchang.html?date=14/05/2024
157,04:17,/panchang/month-panchang.html?date=15/05/2024
158,04:16,/panchang/month-panchang.html?date=16/05/2024
159,04:14,/panchang/month-panchang.html?date=17/05/2024
160,04:12,/panchang/month-panchang.html?date=18/05/2024
161,04:11,/panchang/month-panchang.html?date=19/05/2024
162,04:09,/panchang/month-panchang.html?date=20/05/2024
163,04:07,/panchang/month-panchang.html?date=21/05/2024
164,04:06,/panchang/month-panchang.html?date=22/05/2024
165,04:04,/panchang/month-panchang.html?date=23/05/2024
166,04:03,/panchang/month-panchang.html?date=24/05/2024
167,04:01,/panchang/month-panchang.html?date=25/05/2024
168,04:00,/panchang/month-panchang.html?date=26/05/2024
169,03:59,/panchang/month-panchang.html?date=27/05/2024
170,03:57,/panchang/month-panchang.html?date=28/05/2024
171,03:56,/panchang/month-panchang.html?date=29/05/2024
172,03:55,/panchang/month-panchang.html?date=30/05/2024
173,03:54,/panchang/month-panchang.html?date=31/05/2024
174,03:53,/panchang/month-panchang.html?date=01/06/2024
175,03:49,/panchang/month-panchang.html?date=30/06/2024
176,03:59,/panchang/month-panchang.html?date=27/05/2024
177,03:57,/panchang/month-panchang.html?date=28/05/2024
178,03:56,/panchang/month-panchang.html?date=29/05/2024
179,03:55,/panchang/month-panchang.html?date=30/05/2024
180,03:54,/panchang/month-panchang.html?date=31/05/2024
181,03:53,/panchang/month-panchang.html?date=01/06/2024
182,03:52,/panchang/month-panchang.html?date=02/06/2024
183,03:51,/panchang/month-panchang.html?date=03/06/2024
184,03:50,/panchang/month-panchang.html?date=04/06/2024
185,03:49,/panchang/month-panchang.html?date=05/06/2024
186,03:49,/panchang/month-panchang.html?date=06/06/2024
187,03:48,/panchang/month-panchang.html?date=07/06/2024
188,03:47,/panchang/month-panchang.html?date=08/06/2024
189,03:47,/panchang/month-panchang.html?date=09/06/2024
190,03:46,/panchang/month-panchang.html?date=10/06/2024
191,03:46,/panchang/month-panchang.html?date=11/06/2024
192,03:45,/panchang/month-panchang.html?date=12/06/2024
193,03:45,/panchang/month-panchang.html?date=13/06/2024
194,03:45,/panchang/month-panchang.html?date=14/06/2024
195,03:44,/panchang/month-panchang.html?date=15/06/2024
196,03:44,/panchang/month-panchang.html?date=16/06/2024
197,03:44,/panchang/month-panchang.html?date=17/06/2024
198,03:44,/panchang/month-panchang.html?date=18/06/2024
199,03:44,/panchang/month-panchang.html?date=19/06/2024
200,03:44,/panchang/month-panchang.html?date=20/06/2024
201,03:45,/panchang/month-panchang.html?date=21/06/2024
202,03:45,/panchang/month-panchang.html?date=22/06/2024
203,03:45,/panchang/month-panchang.html?date=23/06/2024
204,03:46,/panchang/month-panchang.html?date=24/06/2024
205,03:46,/panchang/month-panchang.html?date=25/06/2024
206,03:47,/panchang/month-panchang.html?date=26/06/2024
207,03:47,/panchang/month-panchang.html?date=27/06/2024
208,03:48,/panchang/month-panchang.html?date=28/06/2024
209,03:49,/panchang/month-panchang.html?date=29/06/2024
210,03:49,/panchang/month-panchang.html?date=30/06/2024
211,03:50,/panchang/month-panchang.html?date=01/07/2024
212,03:51,/panchang/month-panchang.html?date=02/07/2024
213,03:52,/panchang/month-panchang.html?date=03/07/2024
214,03:53,/panchang/month-panchang.html?date=04/07/2024
215,03:54,/panchang/month-panchang.html?date=05/07/2024
216,03:55,/panchang/month-panchang.html?date=06/07/2024
217,03:56,/panchang/month-panchang.html?date=07/07/2024
218,03:57,/panchang/month-panchang.html?date=08/07/2024
219,03:58,/panchang/month-panchang.html?date=09/07/2024
220,04:00,/panchang/month-panchang.html?date=10/07/2024
221,04:01,/panchang/month-panchang.html?date=11/07/2024
222,04:02,/panchang/month-panchang.html?date=12/07/2024
223,04:04,/panchang/month-panchang.html?date=13/07/2024
224,04:05,/panchang/month-panchang.html?date=14/07/2024
225,04:07,/panchang/month-panchang.html?date=15/07/2024
226,04:08,/panchang/month-panchang.html?date=16/07/2024
227,04:10,/panchang/month-panchang.html?date=17/07/2024
228,04:11,/panchang/month-panchang.html?date=18/07/2024
229,04:13,/panchang/month-panchang.html?date=19/07/2024
230,04:14,/panchang/month-panchang.html?date=20/07/2024
231,04:16,/panchang/month-panchang.html?date=21/07/2024
232,04:18,/panchang/month-panchang.html?date=22/07/2024
233,04:19,/panchang/month-panchang.html?date=23/07/2024
234,04:21,/panchang/month-panchang.html?date=24/07/2024
235,04:23,/panchang/month-panchang.html?date=25/07/2024
236,04:24,/panchang/month-panchang.html?date=26/07/2024
237,04:26,/panchang/month-panchang.html?date=27/07/2024
238,04:28,/panchang/month-panchang.html?date=28/07/2024
239,04:30,/panchang/month-panchang.html?date=29/07/2024
240,04:32,/panchang/month-panchang.html?date=30/07/2024
241,04:33,/panchang/month-panchang.html?date=31/07/2024
242,04:35,/panchang/month-panchang.html?date=01/08/2024
243,04:37,/panchang/month-panchang.html?date=02/08/2024
244,04:39,/panchang/month-panchang.html?date=03/08/2024
245,04:28,/panchang/month-panchang.html?date=28/07/2024
246,04:30,/panchang/month-panchang.html?date=29/07/2024
247,04:32,/panchang/month-panchang.html?date=30/07/2024
248,04:33,/panchang/month-panchang.html?date=31/07/2024
249,04:35,/panchang/month-panchang.html?date=01/08/2024
250,04:37,/panchang/month-panchang.html?date=02/08/2024
251,04:39,/panchang/month-panchang.html?date=03/08/2024
252,04:41,/panchang/month-panchang.html?date=04/08/2024
253,04:43,/panchang/month-panchang.html?date=05/08/2024
254,04:45,/panchang/month-panchang.html?date=06/08/2024
255,04:47,/panchang/month-panchang.html?date=07/08/2024
256,04:48,/panchang/month-panchang.html?date=08/08/2024
257,04:50,/panchang/month-panchang.html?date=09/08/2024
258,04:52,/panchang/month-panchang.html?date=10/08/2024
259,04:54,/panchang/month-panchang.html?date=11/08/2024
260,04:56,/panchang/month-panchang.html?date=12/08/2024
261,04:58,/panchang/month-panchang.html?date=13/08/2024
262,05:00,/panchang/month-panchang.html?date=14/08/2024
263,05:02,/panchang/month-panchang.html?date=15/08/2024
264,05:04,/panchang/month-panchang.html?date=16/08/2024
265,05:06,/panchang/month-panchang.html?date=17/08/2024
266,05:08,/panchang/month-panchang.html?date=18/08/2024
267,05:10,/panchang/month-panchang.html?date=19/08/2024
268,05:12,/panchang/month-panchang.html?date=20/08/2024
269,05:14,/panchang/month-panchang.html?date=21/08/2024
270,05:16,/panchang/month-panchang.html?date=22/08/2024
271,05:17,/panchang/month-panchang.html?date=23/08/2024
272,05:19,/panchang/month-panchang.html?date=24/08/2024
273,05:21,/panchang/month-panchang.html?date=25/08/2024
274,05:23,/panchang/month-panchang.html?date=26/08/2024
275,05:25,/panchang/month-panchang.html?date=27/08/2024
276,05:27,/panchang/month-panchang.html?date=28/08/2024
277,05:29,/panchang/month-panchang.html?date=29/08/2024
278,05:31,/panchang/month-panchang.html?date=30/08/2024
279,05:33,/panchang/month-panchang.html?date=31/08/2024
280,05:35,/panchang/month-panchang.html?date=01/09/2024
281,05:37,/panchang/month-panchang.html?date=02/09/2024
282,05:39,/panchang/month-panchang.html?date=03/09/2024
283,05:41,/panchang/month-panchang.html?date=04/09/2024
284,05:43,/panchang/month-panchang.html?date=05/09/2024
285,05:45,/panchang/month-panchang.html?date=06/09/2024
286,05:46,/panchang/month-panchang.html?date=07/09/2024
287,05:48,/panchang/month-panchang.html?date=08/09/2024
288,05:50,/panchang/month-panchang.html?date=09/09/2024
289,05:52,/panchang/month-panchang.html?date=10/09/2024
290,05:54,/panchang/month-panchang.html?date=11/09/2024
291,05:56,/panchang/month-panchang.html?date=12/09/2024
292,05:58,/panchang/month-panchang.html?date=13/09/2024
293,06:00,/panchang/month-panchang.html?date=14/09/2024
294,06:02,/panchang/month-panchang.html?date=15/09/2024
295,06:04,/panchang/month-panchang.html?date=16/09/2024
296,06:06,/panchang/month-panchang.html?date=17/09/2024
297,06:08,/panchang/month-panchang.html?date=18/09/2024
298,06:10,/panchang/month-panchang.html?date=19/09/2024
299,06:12,/panchang/month-panchang.html?date=20/09/2024
300,06:13,/panchang/month-panchang.html?date=21/09/2024
301,06:15,/panchang/month-panchang.html?date=22/09/2024
302,06:17,/panchang/month-panchang.html?date=23/09/2024
303,06:19,/panchang/month-panchang.html?date=24/09/2024
304,06:21,/panchang/month-panchang.html?date=25/09/2024
305,06:23,/panchang/month-panchang.html?date=26/09/2024
306,06:25,/panchang/month-panchang.html?date=27/09/2024
307,06:27,/panchang/month-panchang.html?date=28/09/2024
308,06:29,/panchang/month-panchang.html?date=29/09/2024
309,06:31,/panchang/month-panchang.html?date=30/09/2024
310,06:33,/panchang/month-panchang.html?date=01/10/2024
311,06:35,/panchang/month-panchang.html?date=02/10/2024
312,06:37,/panchang/month-panchang.html?date=03/10/2024
313,06:39,/panchang/month-panchang.html?date=04/10/2024
314,06:41,/panchang/month-panchang.html?date=05/10/2024
315,06:29,/panchang/month-panchang.html?date=29/09/2024
316,06:31,/panchang/month-panchang.html?date=30/09/2024
317,06:33,/panchang/month-panchang.html?date=01/10/2024
318,06:35,/panchang/month-panchang.html?date=02/10/2024
319,06:37,/panchang/month-panchang.html?date=03/10/2024
320,06:39,/panchang/month-panchang.html?date=04/10/2024
321,06:41,/panchang/month-panchang.html?date=05/10/2024
322,06:43,/panchang/month-panchang.html?date=06/10/2024
323,06:45,/panchang/month-panchang.html?date=07/10/2024
324,06:47,/panchang/month-panchang.html?date=08/10/2024
325,06:49,/panchang/month-panchang.html?date=09/10/2024
326,06:51,/panchang/month-panchang.html?date=10/10/2024
327,06:53,/panchang/month-panchang.html?date=11/10/2024
328,06:55,/panchang/month-panchang.html?date=12/10/2024
329,06:57,/panchang/month-panchang.html?date=13/10/2024
330,06:59,/panchang/month-panchang.html?date=14/10/2024
331,07:01,/panchang/month-panchang.html?date=15/10/2024
332,07:03,/panchang/month-panchang.html?date=16/10/2024
333,07:05,/panchang/month-panchang.html?date=17/10/2024
334,07:07,/panchang/month-panchang.html?date=18/10/2024
335,07:09,/panchang/month-panchang.html?date=19/10/2024
336,07:11,/panchang/month-panchang.html?date=20/10/2024
337,07:13,/panchang/month-panchang.html?date=21/10/2024
338,07:15,/panchang/month-panchang.html?date=22/10/2024
339,07:17,/panchang/month-panchang.html?date=23/10/2024
340,07:19,/panchang/month-panchang.html?date=24/10/2024
341,07:22,/panchang/month-panchang.html?date=25/10/2024
342,07:24,/panchang/month-panchang.html?date=26/10/2024
343,07:26,/panchang/month-panchang.html?date=27/10/2024
344,07:28,/panchang/month-panchang.html?date=28/10/2024
345,07:30,/panchang/month-panchang.html?date=29/10/2024
346,07:32,/panchang/month-panchang.html?date=30/10/2024
347,07:34,/panchang/month-panchang.html?date=31/10/2024
348,07:36,/panchang/month-panchang.html?date=01/11/2024
349,07:38,/panchang/month-panchang.html?date=02/11/2024
350,07:26,/panchang/month-panchang.html?date=27/10/2024
351,07:28,/panchang/month-panchang.html?date=28/10/2024
352,07:30,/panchang/month-panchang.html?date=29/10/2024
353,07:32,/panchang/month-panchang.html?date=30/10/2024
354,07:34,/panchang/month-panchang.html?date=31/10/2024
355,07:36,/panchang/month-panchang.html?date=01/11/2024
356,07:38,/panchang/month-panchang.html?date=02/11/2024
357,07:41,/panchang/month-panchang.html?date=03/11/2024
358,07:43,/panchang/month-panchang.html?date=04/11/2024
359,07:45,/panchang/month-panchang.html?date=05/11/2024
360,07:47,/panchang/month-panchang.html?date=06/11/2024
361,07:49,/panchang/month-panchang.html?date=07/11/2024
362,07:51,/panchang/month-panchang.html?date=08/11/2024
363,07:53,/panchang/month-panchang.html?date=09/11/2024
364,07:55,/panchang/month-panchang.html?date=10/11/2024
365,07:57,/panchang/month-panchang.html?date=11/11/2024
366,07:59,/panchang/month-panchang.html?date=12/11/2024
367,08:01,/panchang/month-panchang.html?date=13/11/2024
368,08:03,/panchang/month-panchang.html?date=14/11/2024
369,08:06,/panchang/month-panchang.html?date=15/11/2024
370,08:08,/panchang/month-panchang.html?date=16/11/2024
371,08:10,/panchang/month-panchang.html?date=17/11/2024
372,08:12,/panchang/month-panchang.html?date=18/11/2024
373,08:14,/panchang/month-panchang.html?date=19/11/2024
374,08:16,/panchang/month-panchang.html?date=20/11/2024
375,08:17,/panchang/month-panchang.html?date=21/11/2024
376,08:19,/panchang/month-panchang.html?date=22/11/2024
377,08:21,/panchang/month-panchang.html?date=23/11/2024
378,08:23,/panchang/month-panchang.html?date=24/11/2024
379,08:25,/panchang/month-panchang.html?date=25/11/2024
380,08:27,/panchang/month-panchang.html?date=26/11/2024
381,08:29,/panchang/month-panchang.html?date=27/11/2024
382,08:30,/panchang/month-panchang.html?date=28/11/2024
383,08:32,/panchang/month-panchang.html?date=29/11/2024
384,08:34,/panchang/month-panchang.html?date=30/11/2024
385,08:35,/panchang/month-panchang.html?date=01/12/2024
386,08:37,/panchang/month-panchang.html?date=02/12/2024
387,08:39,/panchang/month-panchang.html?date=03/12/2024
388,08:40,/panchang/month-panchang.html?date=04/12/2024
389,08:42,/panchang/month-panchang.html?date=05/12/2024
390,08:43,/panchang/month-panchang.html?date=06/12/2024
391,08:44,/panchang/month-panchang.html?date=07/12/2024
392,08:46,/panchang/month-panchang.html?date=08/12/2024
393,08:47,/panchang/month-panchang.html?date=09/12/2024
394,08:48,/panchang/month-panchang.html?date=10/12/2024
395,08:49,/panchang/month-panchang.html?date=11/12/2024
396,08:51,/panchang/month-panchang.html?date=12/12/2024
397,08:52,/panchang/month-panchang.html?date=13/12/2024
398,08:53,/panchang/month-panchang.html?date=14/12/2024
399,08:53,/panchang/month-panchang.html?date=15/12/2024
400,08:54,/panchang/month-panchang.html?date=16/12/2024
401,08:55,/panchang/month-panchang.html?date=17/12/2024
402,08:56,/panchang/month-panchang.html?date=18/12/2024
403,08:57,/panchang/month-panchang.html?date=19/12/2024
404,08:57,/panchang/month-panchang.html?date=20/12/2024
405,08:58,/panchang/month-panchang.html?date=21/12/2024
406,08:58,/panchang/month-panchang.html?date=22/12/2024
407,08:59,/panchang/month-panchang.html?date=23/12/2024
408,08:59,/panchang/month-panchang.html?date=24/12/2024
409,08:59,/panchang/month-panchang.html?date=25/12/2024
410,08:59,/panchang/month-panchang.html?date=26/12/2024
411,09:00,/panchang/month-panchang.html?date=27/12/2024
412,09:00,/panchang/month-panchang.html?date=28/12/2024
413,09:00,/panchang/month-panchang.html?date=29/12/2024
414,08:59,/panchang/month-panchang.html?date=30/12/2024
415,08:59,/panchang/month-panchang.html?date=31/12/2024
416,08:59,/panchang/month-panchang.html?date=01/01/2025
417,08:59,/panchang/month-panchang.html?date=02/01/2025
418,08:58,/panchang/month-panchang.html?date=03/01/2025
419,08:58,/panchang/month-panchang.html?date=04/01/2025
