,item_festival,item_festival_title
0,Pausha Putrada Ekadashi,<img class='dpTooltipImg' src='/images/festivals/60x60/lord_vishnu_with_goddess_lakshmi.png' alt='icon'> Pausha Putrada Ekadashi <br> on January 1st (Sunday)
1,Vaishnava Pausha Putrada Ekadashi,<img class='dpTooltipImg' src='/images/festivals/60x60/lord_vishnu_with_goddess_lakshmi.png' alt='icon'> Vaishnava Pausha Putrada Ekadashi <br> on January 2nd (Monday)
2,Pradosh Vrat,<img class='dpTooltipImg' src='/images/festivals/60x60/pradosh_vrat.png' alt='icon'> Pradosh Vrat <br> on January 3rd (Tuesday)
3,Anvadhan,<img class='dpTooltipImg' src='/images/festivals/60x60/vrat_and_upavas.png' alt='icon'> Anvadhan <br> on January 6th (Friday)
4,Pausha Purnima,<img class='dpTooltipImg' src='/images/festivals/60x60/purnima_full_moon.png' alt='icon'> Pausha Purnima <br> on January 6th (Friday)
5,Shakambhari Purnima,<img class='dpTooltipImg' src='/images/festivals/60x60/goddess_shakambari.png' alt='icon'> Shakambhari Purnima <br> on January 6th (Friday)
6,Ishti,<img class='dpTooltipImg' src='/images/festivals/60x60/agni_nakshatram_begins.png' alt='icon'> Ishti <br> on January 7th (Saturday)
7,Sakat Chauth,<img class='dpTooltipImg' src='/images/festivals/60x60/sankashti_chaturthi.png' alt='icon'> Sakat Chauth <br> on January 10th (Tuesday)
8,Lambodara Sankashti Chaturthi,<img class='dpTooltipImg' src='/images/festivals/60x60/lambodara_ganesha.png' alt='icon'> Lambodara Sankashti Chaturthi <br> on January 10th (Tuesday)
9,Pongal,<img class='dpTooltipImg' src='/images/festivals/60x60/thai_pongal.png' alt='icon'> Pongal <br> on January 14th (Saturday)
10,Makara Sankranti,<img class='dpTooltipImg' src='/images/festivals/60x60/uttarayana_sankranti.png' alt='icon'> Makara Sankranti <br> on January 14th (Saturday)
11,Shattila Ekadashi,<img class='dpTooltipImg' src='/images/festivals/60x60/lord_vishnu_with_goddess_lakshmi.png' alt='icon'> Shattila Ekadashi <br> on January 17th (Tuesday)
12,Pradosh Vrat,<img class='dpTooltipImg' src='/images/festivals/60x60/pradosh_vrat.png' alt='icon'> Pradosh Vrat <br> on January 19th (Thursday)
13,Anvadhan,<img class='dpTooltipImg' src='/images/festivals/60x60/vrat_and_upavas.png' alt='icon'> Anvadhan <br> on January 20th (Friday)
14,Darsha Amavasya,<img class='dpTooltipImg' src='/images/festivals/60x60/amavasya.png' alt='icon'> Darsha Amavasya <br> on January 20th (Friday)
15,Ishti,<img class='dpTooltipImg' src='/images/festivals/60x60/agni_nakshatram_begins.png' alt='icon'> Ishti <br> on January 21st (Saturday)
16,Mauni Amavas,<img class='dpTooltipImg' src='/images/festivals/60x60/mauni_amavasya_bath.png' alt='icon'> Mauni Amavas <br> on January 21st (Saturday)
17,Magha Amavasya,<img class='dpTooltipImg' src='/images/festivals/60x60/amavasya.png' alt='icon'> Magha Amavasya <br> on January 21st (Saturday)
18,Magha Navratri,<img class='dpTooltipImg' src='/images/festivals/60x60/chaitra_navratri.png' alt='icon'> Magha Navratri <br> on January 22nd (Sunday)
19,Chandra Darshana,<img class='dpTooltipImg' src='/images/festivals/60x60/chandra_dev.png' alt='icon'> Chandra Darshana <br> on January 22nd (Sunday)
20,Vasant Panchami,<img class='dpTooltipImg' src='/images/festivals/60x60/vasant_panchami_puja.png' alt='icon'> Vasant Panchami <br> on January 25th (Wednesday)
21,Ratha Saptami,<img class='dpTooltipImg' src='/images/festivals/60x60/ratha_saptami.png' alt='icon'> Ratha Saptami <br> on January 27th (Friday)
22,Bhishma Ashtami,<img class='dpTooltipImg' src='/images/festivals/60x60/bhishma_ashtami.png' alt='icon'> Bhishma Ashtami <br> on January 28th (Saturday)
23,Jaya Ekadashi,<img class='dpTooltipImg' src='/images/festivals/60x60/lord_vishnu_with_goddess_lakshmi.png' alt='icon'> Jaya Ekadashi <br> on January 31st (Tuesday)
24,Pradosh Vrat,<img class='dpTooltipImg' src='/images/festivals/60x60/pradosh_vrat.png' alt='icon'> Pradosh Vrat <br> on February 2nd (Thursday)
25,Anvadhan,<img class='dpTooltipImg' src='/images/festivals/60x60/vrat_and_upavas.png' alt='icon'> Anvadhan <br> on February 4th (Saturday)
26,Jaya Ekadashi,<img class='dpTooltipImg' src='/images/festivals/60x60/lord_vishnu_with_goddess_lakshmi.png' alt='icon'> Jaya Ekadashi <br> on January 31st (Tuesday)
27,Pradosh Vrat,<img class='dpTooltipImg' src='/images/festivals/60x60/pradosh_vrat.png' alt='icon'> Pradosh Vrat <br> on February 2nd (Thursday)
28,Anvadhan,<img class='dpTooltipImg' src='/images/festivals/60x60/vrat_and_upavas.png' alt='icon'> Anvadhan <br> on February 4th (Saturday)
29,Ishti,<img class='dpTooltipImg' src='/images/festivals/60x60/agni_nakshatram_begins.png' alt='icon'> Ishti <br> on February 5th (Sunday)
30,Magha Purnima,<img class='dpTooltipImg' src='/images/festivals/60x60/purnima_full_moon.png' alt='icon'> Magha Purnima <br> on February 5th (Sunday)
31,Dwijapriya Sankashti Chaturthi,<img class='dpTooltipImg' src='/images/festivals/60x60/sankashti_chaturthi.png' alt='icon'> Dwijapriya Sankashti Chaturthi <br> on February 8th (Wednesday)
32,Kumbha Sankranti,<img class='dpTooltipImg' src='/images/festivals/60x60/surya_puja.png' alt='icon'> Kumbha Sankranti <br> on February 12th (Sunday)
33,Vijaya Ekadashi,<img class='dpTooltipImg' src='/images/festivals/60x60/lord_vishnu_with_goddess_lakshmi.png' alt='icon'> Vijaya Ekadashi <br> on February 16th (Thursday)
34,Pradosh Vrat,<img class='dpTooltipImg' src='/images/festivals/60x60/pradosh_vrat.png' alt='icon'> Pradosh Vrat <br> on February 17th (Friday)
35,Maha Shivaratri,<img class='dpTooltipImg' src='/images/festivals/60x60/ladies_maha_shivaratri_puja.png' alt='icon'> Maha Shivaratri <br> on February 18th (Saturday)
36,Anvadhan,<img class='dpTooltipImg' src='/images/festivals/60x60/vrat_and_upavas.png' alt='icon'> Anvadhan <br> on February 19th (Sunday)
37,Darsha Amavasya,<img class='dpTooltipImg' src='/images/festivals/60x60/amavasya.png' alt='icon'> Darsha Amavasya <br> on February 19th (Sunday)
38,Phalguna Amavasya,<img class='dpTooltipImg' src='/images/festivals/60x60/amavasya.png' alt='icon'> Phalguna Amavasya <br> on February 19th (Sunday)
39,Ishti,<img class='dpTooltipImg' src='/images/festivals/60x60/agni_nakshatram_begins.png' alt='icon'> Ishti <br> on February 20th (Monday)
40,Phulera Dooj,<img class='dpTooltipImg' src='/images/festivals/60x60/phulera_dooj.png' alt='icon'> Phulera Dooj <br> on February 21st (Tuesday)
41,Chandra Darshana,<img class='dpTooltipImg' src='/images/festivals/60x60/chandra_dev.png' alt='icon'> Chandra Darshana <br> on February 21st (Tuesday)
42,Amalaki Ekadashi,<img class='dpTooltipImg' src='/images/festivals/60x60/lord_vishnu_with_goddess_lakshmi.png' alt='icon'> Amalaki Ekadashi <br> on March 2nd (Thursday)
43,Pradosh Vrat,<img class='dpTooltipImg' src='/images/festivals/60x60/pradosh_vrat.png' alt='icon'> Pradosh Vrat <br> on March 4th (Saturday)
44,Amalaki Ekadashi,<img class='dpTooltipImg' src='/images/festivals/60x60/lord_vishnu_with_goddess_lakshmi.png' alt='icon'> Amalaki Ekadashi <br> on March 2nd (Thursday)
45,Pradosh Vrat,<img class='dpTooltipImg' src='/images/festivals/60x60/pradosh_vrat.png' alt='icon'> Pradosh Vrat <br> on March 4th (Saturday)
46,Anvadhan,<img class='dpTooltipImg' src='/images/festivals/60x60/vrat_and_upavas.png' alt='icon'> Anvadhan <br> on March 6th (Monday)
47,Chhoti Holi,<img class='dpTooltipImg' src='/images/festivals/60x60/holika_dahan_prahlada.png' alt='icon'> Chhoti Holi <br> on March 6th (Monday)
48,Holika Dahan,<img class='dpTooltipImg' src='/images/festivals/60x60/holika_dahan_prahlada.png' alt='icon'> Holika Dahan <br> on March 6th (Monday)
49,Vasanta Purnima,<img class='dpTooltipImg' src='/images/festivals/60x60/vasanta_purnima_radha_krishna_holi.png' alt='icon'> Vasanta Purnima <br> on March 6th (Monday)
50,Phalguna Purnima,<img class='dpTooltipImg' src='/images/festivals/60x60/purnima_full_moon.png' alt='icon'> Phalguna Purnima <br> on March 6th (Monday)
51,Holi,<img class='dpTooltipImg' src='/images/festivals/60x60/krishna_radha_playing_holi.png' alt='icon'> Holi <br> on March 7th (Tuesday)
52,Ishti,<img class='dpTooltipImg' src='/images/festivals/60x60/agni_nakshatram_begins.png' alt='icon'> Ishti <br> on March 7th (Tuesday)
53,Bhai Dooj,<img class='dpTooltipImg' src='/images/festivals/60x60/bhaiya_dooj_tilak.png' alt='icon'> Bhai Dooj <br> on March 8th (Wednesday)
54,Bhratri Dwitiya,<img class='dpTooltipImg' src='/images/festivals/60x60/bhaiya_duj.png' alt='icon'> Bhratri Dwitiya <br> on March 8th (Wednesday)
55,Bhalachandra Sankashti Chaturthi,<img class='dpTooltipImg' src='/images/festivals/60x60/sankashti_chaturthi.png' alt='icon'> Bhalachandra Sankashti Chaturthi <br> on March 10th (Friday)
56,Ranga Panchami,<img class='dpTooltipImg' src='/images/festivals/60x60/ranga_panchami.png' alt='icon'> Ranga Panchami <br> on March 12th (Sunday)
57,Sheetala Saptami,<img class='dpTooltipImg' src='/images/festivals/60x60/sheetala_ashtami.png' alt='icon'> Sheetala Saptami <br> on March 13th (Monday)
58,Basoda,<img class='dpTooltipImg' src='/images/festivals/60x60/sheetala_ashtami.png' alt='icon'> Basoda <br> on March 14th (Tuesday)
59,Meena Sankranti,<img class='dpTooltipImg' src='/images/festivals/60x60/meena_sankranti.png' alt='icon'> Meena Sankranti <br> on March 14th (Tuesday)
60,Sheetala Ashtami,<img class='dpTooltipImg' src='/images/festivals/60x60/sheetala_ashtami.png' alt='icon'> Sheetala Ashtami <br> on March 14th (Tuesday)
61,Papmochani Ekadashi,<img class='dpTooltipImg' src='/images/festivals/60x60/lord_vishnu_with_goddess_lakshmi.png' alt='icon'> Papmochani Ekadashi <br> on March 17th (Friday)
62,Pradosh Vrat,<img class='dpTooltipImg' src='/images/festivals/60x60/pradosh_vrat.png' alt='icon'> Pradosh Vrat <br> on March 18th (Saturday)
63,Anvadhan,<img class='dpTooltipImg' src='/images/festivals/60x60/vrat_and_upavas.png' alt='icon'> Anvadhan <br> on March 20th (Monday)
64,Darsha Amavasya,<img class='dpTooltipImg' src='/images/festivals/60x60/amavasya.png' alt='icon'> Darsha Amavasya <br> on March 20th (Monday)
65,Ishti,<img class='dpTooltipImg' src='/images/festivals/60x60/agni_nakshatram_begins.png' alt='icon'> Ishti <br> on March 21st (Tuesday)
66,Chaitra Navratri,<img class='dpTooltipImg' src='/images/festivals/60x60/chaitra_navratri.png' alt='icon'> Chaitra Navratri <br> on March 21st (Tuesday)
67,Chaitra Amavasya,<img class='dpTooltipImg' src='/images/festivals/60x60/amavasya.png' alt='icon'> Chaitra Amavasya <br> on March 21st (Tuesday)
68,Ugadi,<img class='dpTooltipImg' src='/images/festivals/60x60/ugadi_celebration.png' alt='icon'> Ugadi <br> on March 22nd (Wednesday)
69,Gudi Padwa,<img class='dpTooltipImg' src='/images/festivals/60x60/gudi_padwa.png' alt='icon'> Gudi Padwa <br> on March 22nd (Wednesday)
70,Chandra Darshana,<img class='dpTooltipImg' src='/images/festivals/60x60/chandra_dev.png' alt='icon'> Chandra Darshana <br> on March 22nd (Wednesday)
71,Gangaur,<img class='dpTooltipImg' src='/images/festivals/60x60/gauri_puja.png' alt='icon'> Gangaur <br> on March 23rd (Thursday)
72,Gauri Puja,<img class='dpTooltipImg' src='/images/festivals/60x60/gauri_puja.png' alt='icon'> Gauri Puja <br> on March 23rd (Thursday)
73,Matsya Jayanti,<img class='dpTooltipImg' src='/images/festivals/60x60/matsya_jayanti.png' alt='icon'> Matsya Jayanti <br> on March 23rd (Thursday)
74,Lakshmi Panchami,<img class='dpTooltipImg' src='/images/festivals/60x60/goddess_griha_lakshmi.png' alt='icon'> Lakshmi Panchami <br> on March 25th (Saturday)
75,Yamuna Chhath,<img class='dpTooltipImg' src='/images/festivals/60x60/yamuna_chhath.png' alt='icon'> Yamuna Chhath <br> on March 26th (Sunday)
76,Rama Navami *Smarta,<img class='dpTooltipImg' src='/images/festivals/60x60/rama_navami.png' alt='icon'> Rama Navami *Smarta <br> on March 29th (Wednesday)
77,Rama Navami *ISKCON,<img class='dpTooltipImg' src='/images/festivals/60x60/rama_navami.png' alt='icon'> Rama Navami *ISKCON <br> on March 30th (Thursday)
78,Swaminarayan Jayanti,<img class='dpTooltipImg' src='/images/festivals/60x60/shri_swaminarayan.png' alt='icon'> Swaminarayan Jayanti <br> on March 30th (Thursday)
79,Kamada Ekadashi,<img class='dpTooltipImg' src='/images/festivals/60x60/lord_vishnu_with_goddess_lakshmi.png' alt='icon'> Kamada Ekadashi <br> on April 1st (Saturday)
80,Rama Navami *Smarta,<img class='dpTooltipImg' src='/images/festivals/60x60/rama_navami.png' alt='icon'> Rama Navami *Smarta <br> on March 29th (Wednesday)
81,Rama Navami *ISKCON,<img class='dpTooltipImg' src='/images/festivals/60x60/rama_navami.png' alt='icon'> Rama Navami *ISKCON <br> on March 30th (Thursday)
82,Swaminarayan Jayanti,<img class='dpTooltipImg' src='/images/festivals/60x60/shri_swaminarayan.png' alt='icon'> Swaminarayan Jayanti <br> on March 30th (Thursday)
83,Kamada Ekadashi,<img class='dpTooltipImg' src='/images/festivals/60x60/lord_vishnu_with_goddess_lakshmi.png' alt='icon'> Kamada Ekadashi <br> on April 1st (Saturday)
84,Pradosh Vrat,<img class='dpTooltipImg' src='/images/festivals/60x60/pradosh_vrat.png' alt='icon'> Pradosh Vrat <br> on April 2nd (Sunday)
85,Anvadhan,<img class='dpTooltipImg' src='/images/festivals/60x60/vrat_and_upavas.png' alt='icon'> Anvadhan <br> on April 5th (Wednesday)
86,Hanuman Jayanti,<img class='dpTooltipImg' src='/images/festivals/60x60/bal_hanuman_mata_anjana_kesari.png' alt='icon'> Hanuman Jayanti <br> on April 5th (Wednesday)
87,Chaitra Purnima,<img class='dpTooltipImg' src='/images/festivals/60x60/purnima_full_moon.png' alt='icon'> Chaitra Purnima <br> on April 5th (Wednesday)
88,Ishti,<img class='dpTooltipImg' src='/images/festivals/60x60/agni_nakshatram_begins.png' alt='icon'> Ishti <br> on April 6th (Thursday)
89,Vikata Sankashti Chaturthi,<img class='dpTooltipImg' src='/images/festivals/60x60/vikata_ganesha.png' alt='icon'> Vikata Sankashti Chaturthi <br> on April 8th (Saturday)
90,Solar New Year,<img class='dpTooltipImg' src='/images/festivals/60x60/solar_new_year.png' alt='icon'> Solar New Year <br> on April 14th (Friday)
91,Mesha Sankranti,<img class='dpTooltipImg' src='/images/festivals/60x60/solar_new_year.png' alt='icon'> Mesha Sankranti <br> on April 14th (Friday)
92,Varuthini Ekadashi,<img class='dpTooltipImg' src='/images/festivals/60x60/lord_vishnu_with_goddess_lakshmi.png' alt='icon'> Varuthini Ekadashi <br> on April 15th (Saturday)
93,Gauna Varuthini Ekadashi,<img class='dpTooltipImg' src='/images/festivals/60x60/lord_vishnu_with_goddess_lakshmi.png' alt='icon'> Gauna Varuthini Ekadashi <br> on April 16th (Sunday)
94,Vaishnava Varuthini Ekadashi,<img class='dpTooltipImg' src='/images/festivals/60x60/lord_vishnu_with_goddess_lakshmi.png' alt='icon'> Vaishnava Varuthini Ekadashi <br> on April 16th (Sunday)
95,Pradosh Vrat,<img class='dpTooltipImg' src='/images/festivals/60x60/pradosh_vrat.png' alt='icon'> Pradosh Vrat <br> on April 17th (Monday)
96,Anvadhan,<img class='dpTooltipImg' src='/images/festivals/60x60/vrat_and_upavas.png' alt='icon'> Anvadhan <br> on April 19th (Wednesday)
97,Darsha Amavasya,<img class='dpTooltipImg' src='/images/festivals/60x60/amavasya.png' alt='icon'> Darsha Amavasya <br> on April 19th (Wednesday)
98,Vaishakha Amavasya,<img class='dpTooltipImg' src='/images/festivals/60x60/amavasya.png' alt='icon'> Vaishakha Amavasya <br> on April 19th (Wednesday)
99,Surya Grahan *Sankarita,<img class='dpTooltipImg' src='/images/festivals/60x60/surya_grahan.png' alt='icon'> Surya Grahan *Sankarita <br> on April 19th (Wednesday)
100,Ishti,<img class='dpTooltipImg' src='/images/festivals/60x60/agni_nakshatram_begins.png' alt='icon'> Ishti <br> on April 20th (Thursday)
101,Chandra Darshana,<img class='dpTooltipImg' src='/images/festivals/60x60/chandra_dev.png' alt='icon'> Chandra Darshana <br> on April 20th (Thursday)
102,Parashurama Jayanti,<img class='dpTooltipImg' src='/images/festivals/60x60/parashuram_jayanti.png' alt='icon'> Parashurama Jayanti <br> on April 21st (Friday)
103,Akshaya Tritiya,<img class='dpTooltipImg' src='/images/festivals/60x60/akshaya_tritiya_vishnu_lakshmi_puja.png' alt='icon'> Akshaya Tritiya <br> on April 22nd (Saturday)
104,Ganga Saptami,<img class='dpTooltipImg' src='/images/festivals/60x60/ganga_saptami.png' alt='icon'> Ganga Saptami <br> on April 26th (Wednesday)
105,Sita Navami,<img class='dpTooltipImg' src='/images/festivals/60x60/sita_navami.png' alt='icon'> Sita Navami <br> on April 28th (Friday)
106,Mohini Ekadashi,<img class='dpTooltipImg' src='/images/festivals/60x60/lord_vishnu_with_goddess_lakshmi.png' alt='icon'> Mohini Ekadashi <br> on May 1st (Monday)
107,Pradosh Vrat,<img class='dpTooltipImg' src='/images/festivals/60x60/pradosh_vrat.png' alt='icon'> Pradosh Vrat <br> on May 2nd (Tuesday)
108,Narasimha Jayanti,<img class='dpTooltipImg' src='/images/festivals/60x60/narasimha_jayanti.png' alt='icon'> Narasimha Jayanti <br> on May 3rd (Wednesday)
109,Anvadhan,<img class='dpTooltipImg' src='/images/festivals/60x60/vrat_and_upavas.png' alt='icon'> Anvadhan <br> on May 4th (Thursday)
110,Kurma Jayanti,<img class='dpTooltipImg' src='/images/festivals/60x60/kurma_jayanti.png' alt='icon'> Kurma Jayanti <br> on May 4th (Thursday)
111,Ishti,<img class='dpTooltipImg' src='/images/festivals/60x60/agni_nakshatram_begins.png' alt='icon'> Ishti <br> on May 5th (Friday)
112,Buddha Purnima,<img class='dpTooltipImg' src='/images/festivals/60x60/buddha_jayanti.png' alt='icon'> Buddha Purnima <br> on May 5th (Friday)
113,Vaishakha Purnima,<img class='dpTooltipImg' src='/images/festivals/60x60/purnima_full_moon.png' alt='icon'> Vaishakha Purnima <br> on May 5th (Friday)
114,Chandra Grahan *Upachchaya,<img class='dpTooltipImg' src='/images/festivals/60x60/chandra_grahan.png' alt='icon'> Chandra Grahan *Upachchaya <br> on May 5th (Friday)
115,Narada Jayanti,<img class='dpTooltipImg' src='/images/festivals/60x60/narada_muni.png' alt='icon'> Narada Jayanti <br> on May 6th (Saturday)
116,Ekadanta Sankashti Chaturthi,<img class='dpTooltipImg' src='/images/festivals/60x60/ekadanta_ganesha.png' alt='icon'> Ekadanta Sankashti Chaturthi <br> on May 8th (Monday)
117,Vrishabha Sankranti,<img class='dpTooltipImg' src='/images/festivals/60x60/vrishabha_sankranti.png' alt='icon'> Vrishabha Sankranti <br> on May 14th (Sunday)
118,Apara Ekadashi,<img class='dpTooltipImg' src='/images/festivals/60x60/lord_vishnu_with_goddess_lakshmi.png' alt='icon'> Apara Ekadashi <br> on May 15th (Monday)
119,Pradosh Vrat,<img class='dpTooltipImg' src='/images/festivals/60x60/pradosh_vrat.png' alt='icon'> Pradosh Vrat <br> on May 16th (Tuesday)
120,Anvadhan,<img class='dpTooltipImg' src='/images/festivals/60x60/vrat_and_upavas.png' alt='icon'> Anvadhan <br> on May 18th (Thursday)
121,Darsha Amavasya,<img class='dpTooltipImg' src='/images/festivals/60x60/amavasya.png' alt='icon'> Darsha Amavasya <br> on May 18th (Thursday)
122,Vat Savitri Vrat,<img class='dpTooltipImg' src='/images/festivals/60x60/vat_savitri_vrat_puja.png' alt='icon'> Vat Savitri Vrat <br> on May 18th (Thursday)
123,Ishti,<img class='dpTooltipImg' src='/images/festivals/60x60/agni_nakshatram_begins.png' alt='icon'> Ishti <br> on May 19th (Friday)
124,Shani Jayanti,<img class='dpTooltipImg' src='/images/festivals/60x60/shani_dev.png' alt='icon'> Shani Jayanti <br> on May 19th (Friday)
125,Jyeshtha Amavasya,<img class='dpTooltipImg' src='/images/festivals/60x60/amavasya.png' alt='icon'> Jyeshtha Amavasya <br> on May 19th (Friday)
126,Chandra Darshana,<img class='dpTooltipImg' src='/images/festivals/60x60/chandra_dev.png' alt='icon'> Chandra Darshana <br> on May 20th (Saturday)
127,Ganga Dussehra,<img class='dpTooltipImg' src='/images/festivals/60x60/ganga_dussehra.png' alt='icon'> Ganga Dussehra <br> on May 29th (Monday)
128,Gayatri Jayanti,<img class='dpTooltipImg' src='/images/festivals/60x60/goddess_gayatri.png' alt='icon'> Gayatri Jayanti <br> on May 30th (Tuesday)
129,Nirjala Ekadashi,<img class='dpTooltipImg' src='/images/festivals/60x60/lord_vishnu_with_goddess_lakshmi.png' alt='icon'> Nirjala Ekadashi <br> on May 30th (Tuesday)
130,Pradosh Vrat,<img class='dpTooltipImg' src='/images/festivals/60x60/pradosh_vrat.png' alt='icon'> Pradosh Vrat <br> on June 1st (Thursday)
131,Anvadhan,<img class='dpTooltipImg' src='/images/festivals/60x60/vrat_and_upavas.png' alt='icon'> Anvadhan <br> on June 3rd (Saturday)
132,Vat Purnima Vrat,<img class='dpTooltipImg' src='/images/festivals/60x60/vat_purnima_puja.png' alt='icon'> Vat Purnima Vrat <br> on June 3rd (Saturday)
133,Jyeshtha Purnima,<img class='dpTooltipImg' src='/images/festivals/60x60/purnima_full_moon.png' alt='icon'> Jyeshtha Purnima <br> on June 3rd (Saturday)
134,Ganga Dussehra,<img class='dpTooltipImg' src='/images/festivals/60x60/ganga_dussehra.png' alt='icon'> Ganga Dussehra <br> on May 29th (Monday)
135,Gayatri Jayanti,<img class='dpTooltipImg' src='/images/festivals/60x60/goddess_gayatri.png' alt='icon'> Gayatri Jayanti <br> on May 30th (Tuesday)
136,Nirjala Ekadashi,<img class='dpTooltipImg' src='/images/festivals/60x60/lord_vishnu_with_goddess_lakshmi.png' alt='icon'> Nirjala Ekadashi <br> on May 30th (Tuesday)
137,Pradosh Vrat,<img class='dpTooltipImg' src='/images/festivals/60x60/pradosh_vrat.png' alt='icon'> Pradosh Vrat <br> on June 1st (Thursday)
138,Anvadhan,<img class='dpTooltipImg' src='/images/festivals/60x60/vrat_and_upavas.png' alt='icon'> Anvadhan <br> on June 3rd (Saturday)
139,Vat Purnima Vrat,<img class='dpTooltipImg' src='/images/festivals/60x60/vat_purnima_puja.png' alt='icon'> Vat Purnima Vrat <br> on June 3rd (Saturday)
140,Jyeshtha Purnima,<img class='dpTooltipImg' src='/images/festivals/60x60/purnima_full_moon.png' alt='icon'> Jyeshtha Purnima <br> on June 3rd (Saturday)
141,Ishti,<img class='dpTooltipImg' src='/images/festivals/60x60/agni_nakshatram_begins.png' alt='icon'> Ishti <br> on June 4th (Sunday)
142,Krishnapingala Sankashti Chaturthi,<img class='dpTooltipImg' src='/images/festivals/60x60/sankashti_chaturthi.png' alt='icon'> Krishnapingala Sankashti Chaturthi <br> on June 6th (Tuesday)
143,Yogini Ekadashi,<img class='dpTooltipImg' src='/images/festivals/60x60/lord_vishnu_with_goddess_lakshmi.png' alt='icon'> Yogini Ekadashi <br> on June 13th (Tuesday)
144,Pradosh Vrat,<img class='dpTooltipImg' src='/images/festivals/60x60/pradosh_vrat.png' alt='icon'> Pradosh Vrat <br> on June 14th (Wednesday)
145,Mithuna Sankranti,<img class='dpTooltipImg' src='/images/festivals/60x60/mithuna_sankranti.png' alt='icon'> Mithuna Sankranti <br> on June 15th (Thursday)
146,Anvadhan,<img class='dpTooltipImg' src='/images/festivals/60x60/vrat_and_upavas.png' alt='icon'> Anvadhan <br> on June 17th (Saturday)
147,Darsha Amavasya,<img class='dpTooltipImg' src='/images/festivals/60x60/amavasya.png' alt='icon'> Darsha Amavasya <br> on June 17th (Saturday)
148,Ashadha Amavasya,<img class='dpTooltipImg' src='/images/festivals/60x60/amavasya.png' alt='icon'> Ashadha Amavasya <br> on June 17th (Saturday)
149,Ishti,<img class='dpTooltipImg' src='/images/festivals/60x60/agni_nakshatram_begins.png' alt='icon'> Ishti <br> on June 18th (Sunday)
150,Ashadha Navratri,<img class='dpTooltipImg' src='/images/festivals/60x60/chaitra_navratri.png' alt='icon'> Ashadha Navratri <br> on June 18th (Sunday)
151,Chandra Darshana,<img class='dpTooltipImg' src='/images/festivals/60x60/chandra_dev.png' alt='icon'> Chandra Darshana <br> on June 18th (Sunday)
152,Jagannath Rathyatra,<img class='dpTooltipImg' src='/images/festivals/60x60/jagannath_rathyatra.png' alt='icon'> Jagannath Rathyatra <br> on June 19th (Monday)
153,Devshayani Ekadashi,<img class='dpTooltipImg' src='/images/festivals/60x60/devshayani_ekadashi.png' alt='icon'> Devshayani Ekadashi <br> on June 29th (Thursday)
154,Pradosh Vrat,<img class='dpTooltipImg' src='/images/festivals/60x60/pradosh_vrat.png' alt='icon'> Pradosh Vrat <br> on June 30th (Friday)
155,Jayaparvati Vrat Begins,<img class='dpTooltipImg' src='/images/festivals/60x60/gauri_puja.png' alt='icon'> Jayaparvati Vrat Begins <br> on July 1st (Saturday)
156,Anvadhan,<img class='dpTooltipImg' src='/images/festivals/60x60/vrat_and_upavas.png' alt='icon'> Anvadhan <br> on July 31st (Monday)
157,Devshayani Ekadashi,<img class='dpTooltipImg' src='/images/festivals/60x60/devshayani_ekadashi.png' alt='icon'> Devshayani Ekadashi <br> on June 29th (Thursday)
158,Pradosh Vrat,<img class='dpTooltipImg' src='/images/festivals/60x60/pradosh_vrat.png' alt='icon'> Pradosh Vrat <br> on June 30th (Friday)
159,Jayaparvati Vrat Begins,<img class='dpTooltipImg' src='/images/festivals/60x60/gauri_puja.png' alt='icon'> Jayaparvati Vrat Begins <br> on July 1st (Saturday)
160,Anvadhan,<img class='dpTooltipImg' src='/images/festivals/60x60/vrat_and_upavas.png' alt='icon'> Anvadhan <br> on July 2nd (Sunday)
161,Vyasa Puja,<img class='dpTooltipImg' src='/images/festivals/60x60/guru_purnima.png' alt='icon'> Vyasa Puja <br> on July 2nd (Sunday)
162,Kokila Vrat,<img class='dpTooltipImg' src='/images/festivals/60x60/kokila_vrat_puja.png' alt='icon'> Kokila Vrat <br> on July 2nd (Sunday)
163,Guru Purnima,<img class='dpTooltipImg' src='/images/festivals/60x60/guru_purnima.png' alt='icon'> Guru Purnima <br> on July 2nd (Sunday)
164,Ashadha Purnima,<img class='dpTooltipImg' src='/images/festivals/60x60/purnima_full_moon.png' alt='icon'> Ashadha Purnima <br> on July 2nd (Sunday)
165,Ishti,<img class='dpTooltipImg' src='/images/festivals/60x60/agni_nakshatram_begins.png' alt='icon'> Ishti <br> on July 3rd (Monday)
166,Jayaparvati Vrat Ends,<img class='dpTooltipImg' src='/images/festivals/60x60/gauri_puja.png' alt='icon'> Jayaparvati Vrat Ends <br> on July 5th (Wednesday)
167,Gajanana Sankashti Chaturthi,<img class='dpTooltipImg' src='/images/festivals/60x60/gajanana_ganesha.png' alt='icon'> Gajanana Sankashti Chaturthi <br> on July 5th (Wednesday)
168,Kamika Ekadashi,<img class='dpTooltipImg' src='/images/festivals/60x60/lord_vishnu_sleeping.png' alt='icon'> Kamika Ekadashi <br> on July 13th (Thursday)
169,Pradosh Vrat,<img class='dpTooltipImg' src='/images/festivals/60x60/pradosh_vrat.png' alt='icon'> Pradosh Vrat <br> on July 14th (Friday)
170,Anvadhan,<img class='dpTooltipImg' src='/images/festivals/60x60/vrat_and_upavas.png' alt='icon'> Anvadhan <br> on July 16th (Sunday)
171,Karka Sankranti,<img class='dpTooltipImg' src='/images/festivals/60x60/dakshinayana_sankranti.png' alt='icon'> Karka Sankranti <br> on July 16th (Sunday)
172,Darsha Amavasya,<img class='dpTooltipImg' src='/images/festivals/60x60/amavasya.png' alt='icon'> Darsha Amavasya <br> on July 16th (Sunday)
173,Ishti,<img class='dpTooltipImg' src='/images/festivals/60x60/agni_nakshatram_begins.png' alt='icon'> Ishti <br> on July 17th (Monday)
174,Somavati Amavasya,<img class='dpTooltipImg' src='/images/festivals/60x60/amavasya.png' alt='icon'> Somavati Amavasya <br> on July 17th (Monday)
175,Shravana Amavasya,<img class='dpTooltipImg' src='/images/festivals/60x60/amavasya.png' alt='icon'> Shravana Amavasya <br> on July 17th (Monday)
176,Adhika Chandra Darshana,<img class='dpTooltipImg' src='/images/festivals/60x60/chandra_dev.png' alt='icon'> Adhika Chandra Darshana <br> on July 18th (Tuesday)
177,Padmini Ekadashi,<img class='dpTooltipImg' src='/images/festivals/60x60/lord_vishnu_sleeping.png' alt='icon'> Padmini Ekadashi <br> on July 28th (Friday)
178,Adhika Pradosh Vrat,<img class='dpTooltipImg' src='/images/festivals/60x60/pradosh_vrat.png' alt='icon'> Adhika Pradosh Vrat <br> on July 29th (Saturday)
179,Anvadhan,<img class='dpTooltipImg' src='/images/festivals/60x60/vrat_and_upavas.png' alt='icon'> Anvadhan <br> on July 31st (Monday)
180,Ishti,<img class='dpTooltipImg' src='/images/festivals/60x60/agni_nakshatram_begins.png' alt='icon'> Ishti <br> on August 1st (Tuesday)
181,Shravana Adhika Purnima,<img class='dpTooltipImg' src='/images/festivals/60x60/purnima_full_moon.png' alt='icon'> Shravana Adhika Purnima <br> on August 1st (Tuesday)
182,Vibhuvana Sankashti Chaturthi,<img class='dpTooltipImg' src='/images/festivals/60x60/sankashti_chaturthi.png' alt='icon'> Vibhuvana Sankashti Chaturthi <br> on August 4th (Friday)
183,Parama Ekadashi,<img class='dpTooltipImg' src='/images/festivals/60x60/lord_vishnu_sleeping.png' alt='icon'> Parama Ekadashi <br> on August 11th (Friday)
184,Adhika Pradosh Vrat,<img class='dpTooltipImg' src='/images/festivals/60x60/pradosh_vrat.png' alt='icon'> Adhika Pradosh Vrat <br> on August 12th (Saturday)
185,Anvadhan,<img class='dpTooltipImg' src='/images/festivals/60x60/vrat_and_upavas.png' alt='icon'> Anvadhan <br> on August 15th (Tuesday)
186,Adhika Darsha Amavasya,<img class='dpTooltipImg' src='/images/festivals/60x60/amavasya.png' alt='icon'> Adhika Darsha Amavasya <br> on August 15th (Tuesday)
187,Shravana Adhika Amavasya,<img class='dpTooltipImg' src='/images/festivals/60x60/amavasya.png' alt='icon'> Shravana Adhika Amavasya <br> on August 15th (Tuesday)
188,Ishti,<img class='dpTooltipImg' src='/images/festivals/60x60/agni_nakshatram_begins.png' alt='icon'> Ishti <br> on August 16th (Wednesday)
189,Simha Sankranti,<img class='dpTooltipImg' src='/images/festivals/60x60/simha_sankranti.png' alt='icon'> Simha Sankranti <br> on August 16th (Wednesday)
190,Chandra Darshana,<img class='dpTooltipImg' src='/images/festivals/60x60/chandra_dev.png' alt='icon'> Chandra Darshana <br> on August 17th (Thursday)
191,Hariyali Teej,<img class='dpTooltipImg' src='/images/festivals/60x60/hariyali_teej.png' alt='icon'> Hariyali Teej <br> on August 19th (Saturday)
192,Nag Panchami,<img class='dpTooltipImg' src='/images/festivals/60x60/nag_panchami_puja.png' alt='icon'> Nag Panchami <br> on August 21st (Monday)
193,Kalki Jayanti,<img class='dpTooltipImg' src='/images/festivals/60x60/kalki_jayanti.png' alt='icon'> Kalki Jayanti <br> on August 21st (Monday)
194,Varalakshmi Vrat,<img class='dpTooltipImg' src='/images/festivals/60x60/varalakshmi.png' alt='icon'> Varalakshmi Vrat <br> on August 25th (Friday)
195,Shravana Putrada Ekadashi,<img class='dpTooltipImg' src='/images/festivals/60x60/lord_vishnu_sleeping.png' alt='icon'> Shravana Putrada Ekadashi <br> on August 26th (Saturday)
196,Gauna Shravana Putrada Ekadashi,<img class='dpTooltipImg' src='/images/festivals/60x60/lord_vishnu_sleeping.png' alt='icon'> Gauna Shravana Putrada Ekadashi <br> on August 27th (Sunday)
197,Vaishnava Shravana Putrada Ekadashi,<img class='dpTooltipImg' src='/images/festivals/60x60/lord_vishnu_sleeping.png' alt='icon'> Vaishnava Shravana Putrada Ekadashi <br> on August 27th (Sunday)
198,Pradosh Vrat,<img class='dpTooltipImg' src='/images/festivals/60x60/pradosh_vrat.png' alt='icon'> Pradosh Vrat <br> on August 28th (Monday)
199,Rakhi,<img class='dpTooltipImg' src='/images/festivals/60x60/raksha_bandhan.png' alt='icon'> Rakhi <br> on August 30th (Wednesday)
200,Anvadhan,<img class='dpTooltipImg' src='/images/festivals/60x60/vrat_and_upavas.png' alt='icon'> Anvadhan <br> on August 30th (Wednesday)
201,Raksha Bandhan,<img class='dpTooltipImg' src='/images/festivals/60x60/raksha_bandhan.png' alt='icon'> Raksha Bandhan <br> on August 30th (Wednesday)
202,Gayatri Jayanti,<img class='dpTooltipImg' src='/images/festivals/60x60/goddess_gayatri.png' alt='icon'> Gayatri Jayanti <br> on August 30th (Wednesday)
203,Shravana Purnima,<img class='dpTooltipImg' src='/images/festivals/60x60/purnima_full_moon.png' alt='icon'> Shravana Purnima <br> on August 30th (Wednesday)
204,Ishti,<img class='dpTooltipImg' src='/images/festivals/60x60/agni_nakshatram_begins.png' alt='icon'> Ishti <br> on August 31st (Thursday)
205,Kajari Teej,<img class='dpTooltipImg' src='/images/festivals/60x60/kajari_teej.png' alt='icon'> Kajari Teej <br> on September 2nd (Saturday)
206,Bahula Chaturthi,<img class='dpTooltipImg' src='/images/festivals/60x60/bol_choth.png' alt='icon'> Bahula Chaturthi <br> on September 2nd (Saturday)
207,Heramba Sankashti Chaturthi,<img class='dpTooltipImg' src='/images/festivals/60x60/sankashti_chaturthi.png' alt='icon'> Heramba Sankashti Chaturthi <br> on September 2nd (Saturday)
208,Gauna Shravana Putrada Ekadashi,<img class='dpTooltipImg' src='/images/festivals/60x60/lord_vishnu_sleeping.png' alt='icon'> Gauna Shravana Putrada Ekadashi <br> on August 27th (Sunday)
209,Vaishnava Shravana Putrada Ekadashi,<img class='dpTooltipImg' src='/images/festivals/60x60/lord_vishnu_sleeping.png' alt='icon'> Vaishnava Shravana Putrada Ekadashi <br> on August 27th (Sunday)
210,Pradosh Vrat,<img class='dpTooltipImg' src='/images/festivals/60x60/pradosh_vrat.png' alt='icon'> Pradosh Vrat <br> on August 28th (Monday)
211,Rakhi,<img class='dpTooltipImg' src='/images/festivals/60x60/raksha_bandhan.png' alt='icon'> Rakhi <br> on August 30th (Wednesday)
212,Anvadhan,<img class='dpTooltipImg' src='/images/festivals/60x60/vrat_and_upavas.png' alt='icon'> Anvadhan <br> on August 30th (Wednesday)
213,Raksha Bandhan,<img class='dpTooltipImg' src='/images/festivals/60x60/raksha_bandhan.png' alt='icon'> Raksha Bandhan <br> on August 30th (Wednesday)
214,Gayatri Jayanti,<img class='dpTooltipImg' src='/images/festivals/60x60/goddess_gayatri.png' alt='icon'> Gayatri Jayanti <br> on August 30th (Wednesday)
215,Shravana Purnima,<img class='dpTooltipImg' src='/images/festivals/60x60/purnima_full_moon.png' alt='icon'> Shravana Purnima <br> on August 30th (Wednesday)
216,Ishti,<img class='dpTooltipImg' src='/images/festivals/60x60/agni_nakshatram_begins.png' alt='icon'> Ishti <br> on August 31st (Thursday)
217,Kajari Teej,<img class='dpTooltipImg' src='/images/festivals/60x60/kajari_teej.png' alt='icon'> Kajari Teej <br> on September 2nd (Saturday)
218,Bahula Chaturthi,<img class='dpTooltipImg' src='/images/festivals/60x60/bol_choth.png' alt='icon'> Bahula Chaturthi <br> on September 2nd (Saturday)
219,Heramba Sankashti Chaturthi,<img class='dpTooltipImg' src='/images/festivals/60x60/sankashti_chaturthi.png' alt='icon'> Heramba Sankashti Chaturthi <br> on September 2nd (Saturday)
220,Balarama Jayanti,<img class='dpTooltipImg' src='/images/festivals/60x60/lord_balarama.png' alt='icon'> Balarama Jayanti <br> on September 4th (Monday)
221,Krishna Janmashtami,<img class='dpTooltipImg' src='/images/festivals/60x60/krishna_janmashtami.png' alt='icon'> Krishna Janmashtami <br> on September 6th (Wednesday)
222,Dahi Handi,<img class='dpTooltipImg' src='/images/festivals/60x60/dahi_handi.png' alt='icon'> Dahi Handi <br> on September 7th (Thursday)
223,Aja Ekadashi,<img class='dpTooltipImg' src='/images/festivals/60x60/lord_vishnu_sleeping.png' alt='icon'> Aja Ekadashi <br> on September 10th (Sunday)
224,Pradosh Vrat,<img class='dpTooltipImg' src='/images/festivals/60x60/pradosh_vrat.png' alt='icon'> Pradosh Vrat <br> on September 11th (Monday)
225,Pithori Amavasya,<img class='dpTooltipImg' src='/images/festivals/60x60/amavasya.png' alt='icon'> Pithori Amavasya <br> on September 13th (Wednesday)
226,Anvadhan,<img class='dpTooltipImg' src='/images/festivals/60x60/vrat_and_upavas.png' alt='icon'> Anvadhan <br> on September 14th (Thursday)
227,Darsha Amavasya,<img class='dpTooltipImg' src='/images/festivals/60x60/amavasya.png' alt='icon'> Darsha Amavasya <br> on September 14th (Thursday)
228,Bhadrapada Amavasya,<img class='dpTooltipImg' src='/images/festivals/60x60/amavasya.png' alt='icon'> Bhadrapada Amavasya <br> on September 14th (Thursday)
229,Ishti,<img class='dpTooltipImg' src='/images/festivals/60x60/agni_nakshatram_begins.png' alt='icon'> Ishti <br> on September 15th (Friday)
230,Chandra Darshana,<img class='dpTooltipImg' src='/images/festivals/60x60/chandra_dev.png' alt='icon'> Chandra Darshana <br> on September 16th (Saturday)
231,Varaha Jayanti,<img class='dpTooltipImg' src='/images/festivals/60x60/varaha_jayanti.png' alt='icon'> Varaha Jayanti <br> on September 17th (Sunday)
232,Hartalika Teej,<img class='dpTooltipImg' src='/images/festivals/60x60/hartalika_teej.png' alt='icon'> Hartalika Teej <br> on September 17th (Sunday)
233,Kanya Sankranti,<img class='dpTooltipImg' src='/images/festivals/60x60/kanya_sankranti.png' alt='icon'> Kanya Sankranti <br> on September 17th (Sunday)
234,Vishwakarma Puja,<img class='dpTooltipImg' src='/images/festivals/60x60/vishwakarma_puja.png' alt='icon'> Vishwakarma Puja <br> on September 17th (Sunday)
235,Ganesh Chaturthi,<img class='dpTooltipImg' src='/images/festivals/60x60/ganesha_chaturthi_puja.png' alt='icon'> Ganesh Chaturthi <br> on September 18th (Monday)
236,Rishi Panchami,<img class='dpTooltipImg' src='/images/festivals/60x60/saptarishi.png' alt='icon'> Rishi Panchami <br> on September 19th (Tuesday)
237,Radha Ashtami,<img class='dpTooltipImg' src='/images/festivals/60x60/radha_ashtami.png' alt='icon'> Radha Ashtami <br> on September 22nd (Friday)
238,Durva Ashtami,<img class='dpTooltipImg' src='/images/festivals/60x60/durva_ashtami.png' alt='icon'> Durva Ashtami <br> on September 22nd (Friday)
239,Mahalakshmi Vrat Begins,<img class='dpTooltipImg' src='/images/festivals/60x60/mahalakshmi_vrat.png' alt='icon'> Mahalakshmi Vrat Begins <br> on September 22nd (Friday)
240,Vamana Jayanti,<img class='dpTooltipImg' src='/images/festivals/60x60/vamana_jayanti.png' alt='icon'> Vamana Jayanti <br> on September 25th (Monday)
241,Parsva Ekadashi,<img class='dpTooltipImg' src='/images/festivals/60x60/parivartini_ekadashi.png' alt='icon'> Parsva Ekadashi <br> on September 25th (Monday)
242,Pradosh Vrat,<img class='dpTooltipImg' src='/images/festivals/60x60/pradosh_vrat.png' alt='icon'> Pradosh Vrat <br> on September 26th (Tuesday)
243,Ganesh Visarjan,<img class='dpTooltipImg' src='/images/festivals/60x60/ganesh_visarjan.png' alt='icon'> Ganesh Visarjan <br> on September 27th (Wednesday)
244,Anant Chaturdashi,<img class='dpTooltipImg' src='/images/festivals/60x60/lord_vishnu.png' alt='icon'> Anant Chaturdashi <br> on September 27th (Wednesday)
245,Anvadhan,<img class='dpTooltipImg' src='/images/festivals/60x60/vrat_and_upavas.png' alt='icon'> Anvadhan <br> on September 28th (Thursday)
246,Purnima Shraddha,<img class='dpTooltipImg' src='/images/festivals/60x60/pitru_paksha.png' alt='icon'> Purnima Shraddha <br> on September 28th (Thursday)
247,Bhadrapada Purnima,<img class='dpTooltipImg' src='/images/festivals/60x60/purnima_full_moon.png' alt='icon'> Bhadrapada Purnima <br> on September 28th (Thursday)
248,Ishti,<img class='dpTooltipImg' src='/images/festivals/60x60/agni_nakshatram_begins.png' alt='icon'> Ishti <br> on September 29th (Friday)
249,Pitrupaksha Begins,<img class='dpTooltipImg' src='/images/festivals/60x60/pratipada_shraddha.png' alt='icon'> Pitrupaksha Begins <br> on September 29th (Friday)
250,Vighnaraja Sankashti Chaturthi,<img class='dpTooltipImg' src='/images/festivals/60x60/vighnaraja_ganesha.png' alt='icon'> Vighnaraja Sankashti Chaturthi <br> on October 1st (Sunday)
251,Mahalakshmi Vrat Ends,<img class='dpTooltipImg' src='/images/festivals/60x60/mahalakshmi_vrat.png' alt='icon'> Mahalakshmi Vrat Ends <br> on October 5th (Thursday)
252,Jivitputrika Vrat,<img class='dpTooltipImg' src='/images/festivals/60x60/jivitputrika_vrat.png' alt='icon'> Jivitputrika Vrat <br> on October 6th (Friday)
253,Indira Ekadashi,<img class='dpTooltipImg' src='/images/festivals/60x60/parivartini_ekadashi.png' alt='icon'> Indira Ekadashi <br> on October 9th (Monday)
254,Pradosh Vrat,<img class='dpTooltipImg' src='/images/festivals/60x60/pradosh_vrat.png' alt='icon'> Pradosh Vrat <br> on October 11th (Wednesday)
255,Anvadhan,<img class='dpTooltipImg' src='/images/festivals/60x60/vrat_and_upavas.png' alt='icon'> Anvadhan <br> on October 13th (Friday)
256,Darsha Amavasya,<img class='dpTooltipImg' src='/images/festivals/60x60/amavasya.png' alt='icon'> Darsha Amavasya <br> on October 13th (Friday)
257,Sarva Pitru Amavasya,<img class='dpTooltipImg' src='/images/festivals/60x60/sarvapitru_amavasya.png' alt='icon'> Sarva Pitru Amavasya <br> on October 13th (Friday)
258,Ishti,<img class='dpTooltipImg' src='/images/festivals/60x60/agni_nakshatram_begins.png' alt='icon'> Ishti <br> on October 14th (Saturday)
259,Ashwina Amavasya,<img class='dpTooltipImg' src='/images/festivals/60x60/amavasya.png' alt='icon'> Ashwina Amavasya <br> on October 14th (Saturday)
260,Surya Grahan *Valayakara,<img class='dpTooltipImg' src='/images/festivals/60x60/surya_grahan.png' alt='icon'> Surya Grahan *Valayakara <br> on October 14th (Saturday)
261,Ghatasthapana,<img class='dpTooltipImg' src='/images/festivals/60x60/chaitra_navratri.png' alt='icon'> Ghatasthapana <br> on October 15th (Sunday)
262,Navratri Begins,<img class='dpTooltipImg' src='/images/festivals/60x60/navratri_started.png' alt='icon'> Navratri Begins <br> on October 15th (Sunday)
263,Chandra Darshana,<img class='dpTooltipImg' src='/images/festivals/60x60/chandra_dev.png' alt='icon'> Chandra Darshana <br> on October 16th (Monday)
264,Tula Sankranti,<img class='dpTooltipImg' src='/images/festivals/60x60/tula_sankranti.png' alt='icon'> Tula Sankranti <br> on October 17th (Tuesday)
265,Upang Lalita Vrat,<img class='dpTooltipImg' src='/images/festivals/60x60/goddess_lalita.png' alt='icon'> Upang Lalita Vrat <br> on October 18th (Wednesday)
266,Saraswati Avahan,<img class='dpTooltipImg' src='/images/festivals/60x60/saraswati_avahan_2.png' alt='icon'> Saraswati Avahan <br> on October 19th (Thursday)
267,Saraswati Puja,<img class='dpTooltipImg' src='/images/festivals/60x60/saraswati_puja.png' alt='icon'> Saraswati Puja <br> on October 20th (Friday)
268,Durga Ashtami,<img class='dpTooltipImg' src='/images/festivals/60x60/durga_ashtami_puja.png' alt='icon'> Durga Ashtami <br> on October 21st (Saturday)
269,Maha Navami,<img class='dpTooltipImg' src='/images/festivals/60x60/maha_navami.png' alt='icon'> Maha Navami <br> on October 22nd (Sunday)
270,Saraswati Visarjan,<img class='dpTooltipImg' src='/images/festivals/60x60/saraswati_visarjan.png' alt='icon'> Saraswati Visarjan <br> on October 22nd (Sunday)
271,Dussehra,<img class='dpTooltipImg' src='/images/festivals/60x60/vijayadashami.png' alt='icon'> Dussehra <br> on October 23rd (Monday)
272,Durga Visarjan,<img class='dpTooltipImg' src='/images/festivals/60x60/durga_visarjan.png' alt='icon'> Durga Visarjan <br> on October 23rd (Monday)
273,Papankusha Ekadashi,<img class='dpTooltipImg' src='/images/festivals/60x60/parivartini_ekadashi.png' alt='icon'> Papankusha Ekadashi <br> on October 24th (Tuesday)
274,Pradosh Vrat,<img class='dpTooltipImg' src='/images/festivals/60x60/pradosh_vrat.png' alt='icon'> Pradosh Vrat <br> on October 26th (Thursday)
275,Anvadhan,<img class='dpTooltipImg' src='/images/festivals/60x60/vrat_and_upavas.png' alt='icon'> Anvadhan <br> on October 27th (Friday)
276,Kojagara Puja,<img class='dpTooltipImg' src='/images/festivals/60x60/goddess_lakshmi.png' alt='icon'> Kojagara Puja <br> on October 27th (Friday)
277,Sharad Purnima,<img class='dpTooltipImg' src='/images/festivals/60x60/sharad_purnima_maha_raas.png' alt='icon'> Sharad Purnima <br> on October 27th (Friday)
278,Ishti,<img class='dpTooltipImg' src='/images/festivals/60x60/agni_nakshatram_begins.png' alt='icon'> Ishti <br> on October 28th (Saturday)
279,Ashwina Purnima,<img class='dpTooltipImg' src='/images/festivals/60x60/purnima_full_moon.png' alt='icon'> Ashwina Purnima <br> on October 28th (Saturday)
280,Chandra Grahan *Anshika,<img class='dpTooltipImg' src='/images/festivals/60x60/chandra_grahan.png' alt='icon'> Chandra Grahan *Anshika <br> on October 28th (Saturday)
281,Karwa Chauth,<img class='dpTooltipImg' src='/images/festivals/60x60/karwa_chauth.png' alt='icon'> Karwa Chauth <br> on October 31st (Tuesday)
282,Vakratunda Sankashti Chaturthi,<img class='dpTooltipImg' src='/images/festivals/60x60/vakratunda_ganesha.png' alt='icon'> Vakratunda Sankashti Chaturthi <br> on October 31st (Tuesday)
283,Ahoi Ashtami,<img class='dpTooltipImg' src='/images/festivals/60x60/ahoi_ashtami.png' alt='icon'> Ahoi Ashtami <br> on November 4th (Saturday)
284,Radha Kunda Snan,<img class='dpTooltipImg' src='/images/festivals/60x60/radha_kunda_snan.png' alt='icon'> Radha Kunda Snan <br> on November 4th (Saturday)
285,Karwa Chauth,<img class='dpTooltipImg' src='/images/festivals/60x60/karwa_chauth.png' alt='icon'> Karwa Chauth <br> on October 31st (Tuesday)
286,Vakratunda Sankashti Chaturthi,<img class='dpTooltipImg' src='/images/festivals/60x60/vakratunda_ganesha.png' alt='icon'> Vakratunda Sankashti Chaturthi <br> on October 31st (Tuesday)
287,Ahoi Ashtami,<img class='dpTooltipImg' src='/images/festivals/60x60/ahoi_ashtami.png' alt='icon'> Ahoi Ashtami <br> on November 4th (Saturday)
288,Radha Kunda Snan,<img class='dpTooltipImg' src='/images/festivals/60x60/radha_kunda_snan.png' alt='icon'> Radha Kunda Snan <br> on November 4th (Saturday)
289,Rama Ekadashi,<img class='dpTooltipImg' src='/images/festivals/60x60/parivartini_ekadashi.png' alt='icon'> Rama Ekadashi <br> on November 8th (Wednesday)
290,Govatsa Dwadashi,<img class='dpTooltipImg' src='/images/festivals/60x60/govatsa_dwadashi.png' alt='icon'> Govatsa Dwadashi <br> on November 9th (Thursday)
291,Dhanteras,<img class='dpTooltipImg' src='/images/festivals/60x60/dhanteras_lakshmi_puja.png' alt='icon'> Dhanteras <br> on November 10th (Friday)
292,Pradosh Vrat,<img class='dpTooltipImg' src='/images/festivals/60x60/pradosh_vrat.png' alt='icon'> Pradosh Vrat <br> on November 10th (Friday)
293,Kali Chaudas,<img class='dpTooltipImg' src='/images/festivals/60x60/goddess_kalaratri.png' alt='icon'> Kali Chaudas <br> on November 11th (Saturday)
294,Narak Chaturdashi,<img class='dpTooltipImg' src='/images/festivals/60x60/narak_chaturdashi.png' alt='icon'> Narak Chaturdashi <br> on November 11th (Saturday)
295,Diwali,<img class='dpTooltipImg' src='/images/festivals/60x60/diwali_puja.png' alt='icon'> Diwali <br> on November 12th (Sunday)
296,Anvadhan,<img class='dpTooltipImg' src='/images/festivals/60x60/vrat_and_upavas.png' alt='icon'> Anvadhan <br> on November 12th (Sunday)
297,Lakshmi Puja,<img class='dpTooltipImg' src='/images/festivals/60x60/diwali_puja.png' alt='icon'> Lakshmi Puja <br> on November 12th (Sunday)
298,Darsha Amavasya,<img class='dpTooltipImg' src='/images/festivals/60x60/amavasya.png' alt='icon'> Darsha Amavasya <br> on November 12th (Sunday)
299,Kartika Amavasya,<img class='dpTooltipImg' src='/images/festivals/60x60/amavasya.png' alt='icon'> Kartika Amavasya <br> on November 12th (Sunday)
300,Ishti,<img class='dpTooltipImg' src='/images/festivals/60x60/agni_nakshatram_begins.png' alt='icon'> Ishti <br> on November 13th (Monday)
301,Dyuta Krida,<img class='dpTooltipImg' src='/images/festivals/60x60/dyuta_krida.png' alt='icon'> Dyuta Krida <br> on November 13th (Monday)
302,Govardhan Puja,<img class='dpTooltipImg' src='/images/festivals/60x60/gowardhan_puja_2.png' alt='icon'> Govardhan Puja <br> on November 13th (Monday)
303,Bhaiya Dooj,<img class='dpTooltipImg' src='/images/festivals/60x60/bhaiya_dooj_tilak.png' alt='icon'> Bhaiya Dooj <br> on November 14th (Tuesday)
304,Chandra Darshana,<img class='dpTooltipImg' src='/images/festivals/60x60/chandra_dev.png' alt='icon'> Chandra Darshana <br> on November 14th (Tuesday)
305,Vrishchika Sankranti,<img class='dpTooltipImg' src='/images/festivals/60x60/vrischika_sankranti.png' alt='icon'> Vrishchika Sankranti <br> on November 16th (Thursday)
306,Labh Panchami,<img class='dpTooltipImg' src='/images/festivals/60x60/gujarati_newyear.png' alt='icon'> Labh Panchami <br> on November 17th (Friday)
307,Chhath Puja,<img class='dpTooltipImg' src='/images/festivals/60x60/chhath_puja_arghya.png' alt='icon'> Chhath Puja <br> on November 18th (Saturday)
308,Gopashtami,<img class='dpTooltipImg' src='/images/festivals/60x60/gopashtami.png' alt='icon'> Gopashtami <br> on November 20th (Monday)
309,Akshaya Navami,<img class='dpTooltipImg' src='/images/festivals/60x60/akshaya_navami_puja.png' alt='icon'> Akshaya Navami <br> on November 21st (Tuesday)
310,Kansa Vadh,<img class='dpTooltipImg' src='/images/festivals/60x60/kansa_vadh.png' alt='icon'> Kansa Vadh <br> on November 22nd (Wednesday)
311,Devutthana Ekadashi,<img class='dpTooltipImg' src='/images/festivals/60x60/prabodhini_ekadashi.png' alt='icon'> Devutthana Ekadashi <br> on November 22nd (Wednesday)
312,Tulasi Vivah,<img class='dpTooltipImg' src='/images/festivals/60x60/tulasi_vivah.png' alt='icon'> Tulasi Vivah <br> on November 23rd (Thursday)
313,Gauna Devutthana Ekadashi,<img class='dpTooltipImg' src='/images/festivals/60x60/prabodhini_ekadashi.png' alt='icon'> Gauna Devutthana Ekadashi <br> on November 23rd (Thursday)
314,Vaishnava Devutthana Ekadashi,<img class='dpTooltipImg' src='/images/festivals/60x60/prabodhini_ekadashi.png' alt='icon'> Vaishnava Devutthana Ekadashi <br> on November 23rd (Thursday)
315,Pradosh Vrat,<img class='dpTooltipImg' src='/images/festivals/60x60/pradosh_vrat.png' alt='icon'> Pradosh Vrat <br> on November 24th (Friday)
316,Vaikuntha Chaturdashi,<img class='dpTooltipImg' src='/images/festivals/60x60/lord_vishnu_shiva_puja.png' alt='icon'> Vaikuntha Chaturdashi <br> on November 25th (Saturday)
317,Anvadhan,<img class='dpTooltipImg' src='/images/festivals/60x60/vrat_and_upavas.png' alt='icon'> Anvadhan <br> on November 26th (Sunday)
318,Dev Diwali,<img class='dpTooltipImg' src='/images/festivals/60x60/dev_diwali.png' alt='icon'> Dev Diwali <br> on November 26th (Sunday)
319,Kartika Purnima,<img class='dpTooltipImg' src='/images/festivals/60x60/purnima_full_moon.png' alt='icon'> Kartika Purnima <br> on November 26th (Sunday)
320,Ishti,<img class='dpTooltipImg' src='/images/festivals/60x60/agni_nakshatram_begins.png' alt='icon'> Ishti <br> on November 27th (Monday)
321,Ganadhipa Sankashti Chaturthi,<img class='dpTooltipImg' src='/images/festivals/60x60/sankashti_chaturthi.png' alt='icon'> Ganadhipa Sankashti Chaturthi <br> on November 30th (Thursday)
322,Ishti,<img class='dpTooltipImg' src='/images/festivals/60x60/agni_nakshatram_begins.png' alt='icon'> Ishti <br> on November 27th (Monday)
323,Ganadhipa Sankashti Chaturthi,<img class='dpTooltipImg' src='/images/festivals/60x60/sankashti_chaturthi.png' alt='icon'> Ganadhipa Sankashti Chaturthi <br> on November 30th (Thursday)
324,Kalabhairav Jayanti,<img class='dpTooltipImg' src='/images/festivals/60x60/kalabhairav_jayanti.png' alt='icon'> Kalabhairav Jayanti <br> on December 4th (Monday)
325,Utpanna Ekadashi,<img class='dpTooltipImg' src='/images/festivals/60x60/utpanna_ekadashi.png' alt='icon'> Utpanna Ekadashi <br> on December 8th (Friday)
326,Pradosh Vrat,<img class='dpTooltipImg' src='/images/festivals/60x60/pradosh_vrat.png' alt='icon'> Pradosh Vrat <br> on December 9th (Saturday)
327,Anvadhan,<img class='dpTooltipImg' src='/images/festivals/60x60/vrat_and_upavas.png' alt='icon'> Anvadhan <br> on December 12th (Tuesday)
328,Darsha Amavasya,<img class='dpTooltipImg' src='/images/festivals/60x60/amavasya.png' alt='icon'> Darsha Amavasya <br> on December 12th (Tuesday)
329,Margashirsha Amavasya,<img class='dpTooltipImg' src='/images/festivals/60x60/amavasya.png' alt='icon'> Margashirsha Amavasya <br> on December 12th (Tuesday)
330,Ishti,<img class='dpTooltipImg' src='/images/festivals/60x60/agni_nakshatram_begins.png' alt='icon'> Ishti <br> on December 13th (Wednesday)
331,Chandra Darshana,<img class='dpTooltipImg' src='/images/festivals/60x60/chandra_dev.png' alt='icon'> Chandra Darshana <br> on December 14th (Thursday)
332,Vivah Panchami,<img class='dpTooltipImg' src='/images/festivals/60x60/vivah_panchami.png' alt='icon'> Vivah Panchami <br> on December 16th (Saturday)
333,Dhanu Sankranti,<img class='dpTooltipImg' src='/images/festivals/60x60/dhanu_sankranti.png' alt='icon'> Dhanu Sankranti <br> on December 16th (Saturday)
334,Champa Shashthi,<img class='dpTooltipImg' src='/images/festivals/60x60/nataraj.png' alt='icon'> Champa Shashthi <br> on December 17th (Sunday)
335,Gita Jayanti,<img class='dpTooltipImg' src='/images/festivals/60x60/gita_jayanti.png' alt='icon'> Gita Jayanti <br> on December 22nd (Friday)
336,Mokshada Ekadashi,<img class='dpTooltipImg' src='/images/festivals/60x60/lord_vishnu_with_goddess_lakshmi.png' alt='icon'> Mokshada Ekadashi <br> on December 22nd (Friday)
337,Pradosh Vrat,<img class='dpTooltipImg' src='/images/festivals/60x60/pradosh_vrat.png' alt='icon'> Pradosh Vrat <br> on December 23rd (Saturday)
338,Dattatreya Jayanti,<img class='dpTooltipImg' src='/images/festivals/60x60/dattatreya_jayanti.png' alt='icon'> Dattatreya Jayanti <br> on December 25th (Monday)
339,Anvadhan,<img class='dpTooltipImg' src='/images/festivals/60x60/vrat_and_upavas.png' alt='icon'> Anvadhan <br> on December 26th (Tuesday)
340,Margashirsha Purnima,<img class='dpTooltipImg' src='/images/festivals/60x60/purnima_full_moon.png' alt='icon'> Margashirsha Purnima <br> on December 26th (Tuesday)
341,Ishti,<img class='dpTooltipImg' src='/images/festivals/60x60/agni_nakshatram_begins.png' alt='icon'> Ishti <br> on December 27th (Wednesday)
342,Akhuratha Sankashti Chaturthi,<img class='dpTooltipImg' src='/images/festivals/60x60/sankashti_chaturthi.png' alt='icon'> Akhuratha Sankashti Chaturthi <br> on December 30th (Saturday)